dist_code,hlcit_code,district,vdc,priority,above_1500,num_hh_damage,pct_damage,target_hh,in_db,map_cd,census_hh_dmg,hh_above_1500,hh_below_1500
524 2 04 21,524 2 04 21 5 028,Ramechhap,Farpu,t,t,531,,,f,-1,,806,94
524 2 04 21,524 2 04 21 5 055,Ramechhap,Tokarpur,t,t,801,,,f,-1,,1292,242
524 2 05 23,524 2 05 23 5 010,Sindhupalchok,Petaku,t,t,894,,,f,-1,,648,134
524 2 05 28,524 2 05 28 5 006,Nuwakot,Sunkhani,t,t,533,,,f,-1,,302,764
524 2 05 28,524 2 05 28 5 034,Nuwakot,Sundaradevi,t,t,511,,,f,-1,,278,744
524 3 07 36,524 3 07 36 5 021,Gorkha,Jaubari,t,t,834,,,f,-1,,980,500
524 2 04 22,524 2 04 22 5 005,Dolakha,Namdu,t,t,1565,1.6325878594249201,2555,t,1.6325878594249201,,1754,846
524 2 05 24,524 2 05 24 5 017,Kavrepalanchok,Pokhari Narayansthan,t,t,607,0.20922570016474465,127,t,0.20922570016474465,,1100,194
524 2 05 30,524 2 05 30 5 013,Dhading,Phulkharka,t,t,1132,1,1132,t,1,,1070,770
524 2 05 24,524 2 05 24 5 018,Kavrepalanchok,Sankhupati Chour,t,t,855,1.0830409356725146,926,t,1.0830409356725146,,1444,
524 2 05 23,524 2 05 23 5 065,Sindhupalchok,Helambu,t,t,1610,0.54037267080745344,870,t,0.54037267080745344,,1312,
524 2 05 30,524 2 05 30 5 019,Dhading,Semjong,t,t,1163,1.0051590713671539,1169,t,1.0051590713671539,,1694,
524 2 05 28,524 2 05 28 5 058,Nuwakot,Kaule,t,t,739,1.2259810554803789,906,t,1.2259810554803789,,1478,
524 2 05 23,524 2 05 23 5 005,Sindhupalchok,Fulpingkatti,t,t,767,2.7157757496740547,2083,t,2.7157757496740547,,1566,
524 2 05 24,524 2 05 24 5 058,Kavrepalanchok,Ugratara Janagal,t,t,1310,,,f,-1,,3268,
524 2 05 29,524 2 05 29 5 004,Rasuwa,Saramthali,t,t,993,,,f,-1,,1642,
524 2 05 24,524 2 05 24 5 076,Kavrepalanchok,Choubas,t,t,509,,,f,-1,,974,
524 2 05 25,524 2 05 25 5 004,Lalitpur,Lele,t,t,461,,,f,-1,,3644,
524 2 05 24,524 2 05 24 5 047,Kavrepalanchok,Chalal Ganeshsthan,t,t,0,1,,f,-1,,1728,
524 2 05 27,524 2 05 27 5 051,Kathmandu,Talkududechour,t,t,170,,,f,-1,,1296,
524 2 04 21,524 2 04 21 5 021,Ramechhap,Kubukasthali,t,t,665,,,f,-1,,1212,
524 2 05 25,524 2 05 25 5 002,Lalitpur,Dalchoki,t,t,69,,,f,-1,,538,
524 2 06 31,524 2 06 31 5 033,Makwanpur,Tistung Deurali,t,t,,1,2105,t,1,,2810,
524 2 06 31,524 2 06 31 5 041,Makwanpur,Sisneri Mahadevsthan,t,t,,1,,f,-1,,1252,226
524 2 04 22,524 2 04 22 5 011,Dolakha,Kabhre,t,t,,1,340,t,1,,2382,
524 2 05 30,524 2 05 30 5 033,Dhading,Kumpur,t,f,,1,1389,t,-2,,532,3712
524 2 05 25,524 2 05 25 5 027,Lalitpur,Bisankhunarayan,t,t,262,,,f,-1,,2094,
524 2 04 22,524 2 04 22 5 006,Dolakha,Syama,t,t,555,,,f,-1,,880,
524 2 04 22,524 2 04 22 5 024,Dolakha,Bhedapu,t,t,1787,,,f,-1,,1050,786
524 2 05 24,524 2 05 24 5 021,Kavrepalanchok,Balting,t,t,538,,,f,-1,,954,54
524 2 05 24,524 2 05 24 5 030,Kavrepalanchok,Khahare Pangu,t,t,544,,,f,-1,,1012,106
524 2 05 24,524 2 05 24 5 043,Kavrepalanchok,Sarada Batase,t,t,572,,,f,-1,,946,76
524 2 05 24,524 2 05 24 5 051,Kavrepalanchok,Baldthali,t,t,726,,,f,-1,,1010,310
524 2 05 28,524 2 05 28 5 002,Nuwakot,Duipipal,t,t,1569,,,f,-1,,976,2162
524 2 05 28,524 2 05 28 5 033,Nuwakot,Shikharbesi,t,t,746,,,f,-1,,1300,192
524 2 05 28,524 2 05 28 5 046,Nuwakot,Dangsing,t,t,625,,,f,-1,,714,536
524 2 05 28,524 2 05 28 5 049,Nuwakot,Taruka,t,t,1127,,,f,-1,,410,1844
524 2 06 31,524 2 06 31 5 008,Makwanpur,Shreepur Chhatiwan,t,f,,1,,f,-4,,,8344
524 3 07 36,524 3 07 36 5 047,Gorkha,Laprak,t,t,589,1.0594227504244482,624,t,1.0594227504244482,,1058,
524 2 05 23,524 2 05 23 5 034,Sindhupalchok,Syaule Bazar,t,t,1980,0.43686868686868685,865,t,0.43686868686868685,,1666,
524 2 05 23,524 2 05 23 5 067,Sindhupalchok,Gunsakot,t,t,1082,0.11090573012939002,120,t,0.11090573012939002,,898,
524 2 05 23,524 2 05 23 5 003,Sindhupalchok,Gati,t,t,2069,0.62832286128564518,1300,t,0.62832286128564518,,1748,
524 2 05 25,524 2 05 25 5 036,Lalitpur,Thaiba,t,f,491,,,f,-4,,,3964
524 2 05 24,524 2 05 24 5 007,Kavrepalanchok,Madan Kundari,t,f,555,,,f,-4,,,956
524 2 05 24,524 2 05 24 5 073,Kavrepalanchok,Panchkhal,t,f,10039,,,f,-4,,,5532
524 2 05 25,524 2 05 25 5 031,Lalitpur,Siddhipur,t,f,367,,,f,-4,,,2968
524 2 05 28,524 2 05 28 5 029,Nuwakot,Kabilas,t,f,863,,,f,-4,,,1726
524 2 05 30,524 2 05 30 5 008,Dhading,Salyantar,t,f,2102,,,f,-4,,,3582
524 2 06 31,524 2 06 31 5 010,Makwanpur,Dhiyal,t,f,0,1,,f,-4,,,2180
524 3 07 36,524 3 07 36 5 054,Gorkha,Baguwa,t,f,605,,,f,-4,,,988
524 3 07 36,524 3 07 36 5 059,Gorkha,Tandrang,t,f,1181,,,f,-4,,,2076
524 2 05 30,524 2 05 30 5 015,Dhading,Tripureswor,t,f,950,1.0263157894736843,975,t,-2,,,1638
524 2 04 20,524 2 04 20 5 021,Sindhuli,Kyaneshwor,t,f,352,,,f,-4,,,3234
524 2 04 20,524 2 04 20 5 029,Sindhuli,Belghari,t,f,542,,,f,-4,,,1498
524 2 04 20,524 2 04 20 5 037,Sindhuli,Dadiguranshe,t,f,309,,,f,-4,,,1946
524 2 04 20,524 2 04 20 5 042,Sindhuli,Mahendra jhyadi,t,f,394,,,f,-4,,,1924
524 2 05 23,524 2 05 23 5 052,Sindhupalchok,Sipa Pokhare,t,f,1956,,,f,-4,,,1666
524 2 05 25,524 2 05 25 5 037,Lalitpur,Harisiddhi,t,f,679,,,f,-4,,,5474
524 2 05 25,524 2 05 25 5 039,Lalitpur,Thecho,t,f,583,,,f,-4,,,4704
524 3 07 36,524 3 07 36 5 007,Gorkha,Namjung,t,f,897,,,f,-4,,,1618
524 2 04 20,524 2 04 20 5 008,Sindhuli,Dudhouli,t,f,277,,,f,-4,,,3516
524 2 04 20,524 2 04 20 5 010,Sindhuli,Ladabhir,t,f,0,1,,f,-4,,,3170
524 2 04 20,524 2 04 20 5 033,Sindhuli,Nipane,t,f,266,,,f,-4,,,1404
524 2 04 20,524 2 04 20 5 041,Sindhuli,Kalpabrishykha,t,f,0,1,,f,-4,,,3188
524 2 04 21,524 2 04 21 5 045,Ramechhap,Bhatauli,t,f,0,1,,f,-4,,,1640
524 2 05 25,524 2 05 25 5 032,Lalitpur,Imadol,t,f,1714,,,f,-4,,,13796
524 2 05 26,524 2 05 26 5 007,Bhaktapur,Duwakot,t,f,1060,,,f,-4,,,4824
524 2 05 26,524 2 05 26 5 010,Bhaktapur,Sirutar,t,f,452,,,f,-4,,,2066
524 2 05 27,524 2 05 27 5 007,Kathmandu,Bhadrabas,t,f,130,,,f,-4,,,1006
524 2 05 27,524 2 05 27 5 010,Kathmandu,Gothatar,t,f,1720,,,f,-4,,,13498
524 2 05 27,524 2 05 27 5 020,Kathmandu,Khadka Bhadrakali,t,f,657,,,f,-4,,,5164
524 1 03 13,524 1 03 13 5 004,Okhaldhunga,Rumjatar,t,f,0,1,,f,-4,,,1502
524 2 04 20,524 2 04 20 5 011,Sindhuli,Tandi,t,f,0,1,,f,-4,,,3792
524 2 04 20,524 2 04 20 5 019,Sindhuli,Ranibas,t,f,268,,,f,-4,,,2220
524 2 05 23,524 2 05 23 5 043,Sindhupalchok,Bhotasipa,t,f,944,,,f,-4,,,1988
524 2 05 23,524 2 05 23 5 074,Sindhupalchok,Sikharpur,t,f,0,1,,f,-4,,,1166
524 2 05 23,524 2 05 23 5 078,Sindhupalchok,Fatakshila,t,f,0,1,,f,-4,,,1788
524 2 05 24,524 2 05 24 5 072,Kavrepalanchok,Mahadevsthan Mandan,t,f,2428,,,f,-4,,,3746
524 2 05 24,524 2 05 24 5 079,Kavrepalanchok,Hokse Bazar,t,f,0,1,,f,-4,,,1940
524 2 05 25,524 2 05 25 5 034,Lalitpur,Khokana,t,f,262,,,f,-4,,,2112
524 2 04 20,524 2 04 20 5 031,Sindhuli,Hatpate,t,f,262,,,f,-4,,,3246
524 2 04 20,524 2 04 20 5 039,Sindhuli,Hariharpur Gadhi,t,f,524,,,f,-4,,,1416
524 2 04 20,524 2 04 20 5 043,Sindhuli,Pipalmadi,t,f,378,,,f,-4,,,2598
524 2 04 21,524 2 04 21 5 004,Ramechhap,Sunarpani,t,f,0,1,,f,-4,,,1000
524 2 04 21,524 2 04 21 5 030,Ramechhap,Manthali,t,f,514,,,f,-4,,,4036
524 2 04 21,524 2 04 21 5 047,Ramechhap,Chisapani,t,f,689,,,f,-4,,,1372
524 2 05 23,524 2 05 23 5 037,Sindhupalchok,Kubhinde,t,f,951,,,f,-4,,,1386
524 2 05 24,524 2 05 24 5 077,Kavrepalanchok,Dewabhumi Baluwa,t,f,0,1,,f,-4,,,3156
524 2 05 25,524 2 05 25 5 030,Lalitpur,Tikathali,t,f,602,,,f,-4,,,4848
524 2 05 25,524 2 05 25 5 033,Lalitpur,Sainbu,t,f,1241,,,f,-4,,,10006
524 2 05 25,524 2 05 25 5 040,Lalitpur,Dhapakhel,t,f,787,,,f,-4,,,6356
524 2 05 26,524 2 05 26 3 001,Bhaktapur,Bhaktapur Municipality,t,f,8260,,,f,-4,,,35278
524 2 04 22,524 2 04 22 5 012,Dolakha,Suri,t,t,816,,,f,-1,,1468,
524 2 05 28,524 2 05 28 5 023,Nuwakot,Gaunkharka,t,t,628,,,f,-1,,1256,
524 2 04 21,524 2 04 21 5 026,Ramechhap,Nagdaha,t,t,886,,,f,-1,,1554,
524 2 04 21,524 2 04 21 5 050,Ramechhap,Dadhuwa,t,t,727,,,f,-1,,2032,
524 1 03 13,524 1 03 13 5 049,Okhaldhunga,Raniban,t,t,497,,,f,-1,,578,230
524 2 04 20,524 2 04 20 5 013,Sindhuli,Harsahi,t,f,265,,,f,-4,,,1946
524 2 04 20,524 2 04 20 5 016,Sindhuli,Sirthouli,t,f,273,,,f,-4,,,3346
524 2 04 21,524 2 04 21 5 046,Ramechhap,Chanakhu,t,f,521,,,f,-4,,304,648
524 2 04 22,524 2 04 22 5 002,Dolakha,Gairimudi,t,t,1271,,,f,-1,,2000,258
524 2 05 23,524 2 05 23 5 021,Sindhupalchok,Thulo Dhading,t,t,1098,,,f,-1,,890,128
524 2 05 23,524 2 05 23 5 045,Sindhupalchok,Bhimtar,t,f,2131,,,f,-4,,,1784
524 2 05 24,524 2 05 24 5 085,Kavrepalanchok,Sathighar Bhagawati,t,f,0,1,,f,-4,,,1300
524 2 05 25,524 2 05 25 5 035,Lalitpur,Sunakothi,t,f,595,,,f,-4,,,4794
524 2 05 27,524 2 05 27 5 005,Kathmandu,Pukhulachhi,t,f,153,,,f,-4,,,1192
524 2 05 27,524 2 05 27 5 008,Kathmandu,Daanchhi,t,f,666,,,f,-4,,,5186
524 2 05 27,524 2 05 27 5 028,Kathmandu,Gonggabu,t,f,3644,,,f,-4,,,28912
524 2 05 27,524 2 05 27 5 047,Kathmandu,Satungal,t,f,689,,,f,-4,,,5452
524 2 05 28,524 2 05 28 5 004,Nuwakot,Kumari,t,t,1618,,,f,-1,,2276,960
524 2 05 28,524 2 05 28 5 013,Nuwakot,Suryamati,t,f,692,,,f,-4,,,1384
524 2 05 30,524 2 05 30 5 024,Dhading,Maidi,t,f,2617,,,f,-4,,,4334
524 2 05 23,524 2 05 23 5 076,Sindhupalchok,Langarche,t,t,1180,,,f,-1,,1184,
524 2 05 25,524 2 05 25 5 003,Lalitpur,Dhusel,t,t,79,,,f,-1,,616,
524 2 04 21,524 2 04 21 5 023,Ramechhap,Those,t,t,651,,,f,-1,,1212,
524 2 05 25,524 2 05 25 5 017,Lalitpur,Gotikhel,t,t,102,,,f,-1,,806,
524 2 06 31,524 2 06 31 5 042,Makwanpur,Kogate,t,t,206,,,f,-1,,560,
524 2 06 31,524 2 06 31 5 035,Makwanpur,Bajrabarahi,t,t,1564,,,f,-1,,3260,
524 2 05 25,524 2 05 25 5 009,Lalitpur,Bukhel,t,t,86,,,f,-1,,668,
524 2 05 25,524 2 05 25 5 010,Lalitpur,Choughare,t,t,97,,,f,-1,,760,
524 2 05 24,524 2 05 24 5 024,Kavrepalanchok,Sipali Chilaune,t,t,276,,,f,-1,,1148,
524 2 05 28,524 2 05 28 5 015,Nuwakot,Chhap,t,t,448,,,f,-1,,896,
524 2 04 22,524 2 04 22 5 009,Dolakha,Jhyaku,t,t,1407,,,f,-1,,1996,
524 2 05 24,524 2 05 24 5 031,Kavrepalanchok,Mahadevtar,t,t,325,,,f,-1,,762,
524 2 04 22,524 2 04 22 5 007,Dolakha,Thulopatal,t,t,0,1,,f,-1,,1644,
524 2 04 21,524 2 04 21 5 053,Ramechhap,Goswara,t,t,824,,,f,-1,,1540,
524 2 05 27,524 2 05 27 5 048,Kathmandu,Matatirtha,t,t,360,,,f,-1,,2826,
524 2 04 22,524 2 04 22 3 001,Dolakha,Bhimeshwor Municipality,t,t,7871,,,f,-1,,12152,
524 2 05 27,524 2 05 27 5 052,Kathmandu,Sheshnarayan,t,t,217,,,f,-1,,1688,
524 2 04 22,524 2 04 22 5 032,Dolakha,Mali,t,t,0,1,,f,-1,,1386,
524 2 04 22,524 2 04 22 5 043,Dolakha,Laduk,t,t,1113,,,f,-1,,1856,
524 2 04 22,524 2 04 22 5 015,Dolakha,Hawa,t,t,500,,,f,-1,,762,
524 1 03 13,524 1 03 13 5 045,Okhaldhunga,Fediguth,t,t,1034,,,f,-1,,1538,
524 2 05 23,524 2 05 23 5 071,Sindhupalchok,Thakani,t,t,704,,,f,-1,,1436,
524 1 03 13,524 1 03 13 5 017,Okhaldhunga,Jantarkhani,t,t,177,,,f,-1,,776,
524 2 05 23,524 2 05 23 5 079,Sindhupalchok,Haibung,t,t,1193,,,f,-1,,1152,
524 2 04 21,524 2 04 21 5 016,Ramechhap,Pritee,t,t,748,,,f,-1,,2256,
524 1 03 13,524 1 03 13 5 016,Okhaldhunga,Bigutar,t,t,344,,,f,-1,,1066,
524 2 05 25,524 2 05 25 5 006,Lalitpur,Nallu,t,t,119,,,f,-1,,920,
524 2 05 28,524 2 05 28 5 059,Nuwakot,Fikuri,t,t,636,,,f,-1,,1272,
524 2 05 24,524 2 05 24 5 054,Kavrepalanchok,Dhunkharka,t,t,850,,,f,-1,,2070,
524 2 04 22,524 2 04 22 5 030,Dolakha,Lakuridanda,t,t,1512,,,f,-1,,1848,
524 2 05 28,524 2 05 28 5 009,Nuwakot,Talakhu,t,t,688,,,f,-1,,1376,
524 2 04 22,524 2 04 22 5 037,Dolakha,Sundrawati,t,t,1076,,,f,-1,,1354,
524 1 03 13,524 1 03 13 5 028,Okhaldhunga,Palte,t,t,713,,,f,-1,,1438,
524 2 05 24,524 2 05 24 5 032,Kavrepalanchok,Mahankal Chaur,t,t,267,,,f,-1,,1574,
524 2 05 25,524 2 05 25 5 018,Lalitpur,Kaleswor,t,t,75,,,f,-1,,592,
524 2 04 22,524 2 04 22 5 029,Dolakha,Alampu,t,t,899,,,f,-1,,826,
524 1 03 13,524 1 03 13 5 042,Okhaldhunga,Bilandu,t,t,586,,,f,-1,,968,
524 2 05 25,524 2 05 25 5 012,Lalitpur,Manikhel,t,t,102,,,f,-1,,792,
524 2 04 22,524 2 04 22 5 008,Dolakha,Chankhu,t,t,491,,,f,-1,,694,
524 2 05 25,524 2 05 25 5 001,Lalitpur,Bhattedanda,t,t,110,,,f,-1,,858,
524 2 04 21,524 2 04 21 5 022,Ramechhap,Rasanalu,t,t,921,,,f,-1,,2052,
524 2 05 24,524 2 05 24 5 065,Kavrepalanchok,Mahendra Jyoti,t,t,775,,,f,-1,,1322,
524 2 04 22,524 2 04 22 5 004,Dolakha,Mirge,t,t,993,,,f,-1,,1758,
524 2 05 23,524 2 05 23 5 056,Sindhupalchok,Palchok,t,t,479,,,f,-1,,978,
524 1 03 13,524 1 03 13 5 003,Okhaldhunga,Okhaldhunga,t,t,0,1,,f,-1,,2716,
524 2 04 22,524 2 04 22 5 017,Dolakha,Jhule,t,t,700,,,f,-1,,1094,
524 2 05 29,524 2 05 29 5 008,Rasuwa,Ramche,t,t,999,,,f,-1,,978,
524 2 05 23,524 2 05 23 5 008,Sindhupalchok,Dhumthang,t,t,1575,,,f,-1,,1702,
524 2 05 24,524 2 05 24 5 010,Kavrepalanchok,Sanowangthali,t,t,410,,,f,-1,,686,
524 2 05 24,524 2 05 24 5 086,Kavrepalanchok,Bekhsimle Ghartigaun,t,t,323,,,f,-1,,512,
524 2 05 27,524 2 05 27 5 040,Kathmandu,Dahachok,t,f,227,,,f,-4,,1756,
524 2 05 27,524 2 05 27 5 032,Kathmandu,Jitpurphedi,t,f,285,,,f,-4,,2206,
524 2 05 24,524 2 05 24 5 059,Kavrepalanchok,Baluwapati Deupur,t,f,1356,,,f,-4,,2584,
524 2 05 23,524 2 05 23 5 016,Sindhupalchok,Chokati,t,t,1429,0.41987403778866339,600,t,0.41987403778866339,,1254,
524 1 03 13,524 1 03 13 5 025,Okhaldhunga,Khiji Chandeshwori,t,t,340,0.43235294117647061,147,t,0.43235294117647061,,550,
524 1 03 13,524 1 03 13 5 023,Okhaldhunga,Bhussinga,t,t,347,0.71469740634005763,248,t,0.71469740634005763,,644,
524 2 05 24,524 2 05 24 5 064,Kavrepalanchok,Ryale,t,t,1037,2.2835101253616199,2368,t,2.2835101253616199,,1954,
524 2 06 31,524 2 06 31 5 030,Makwanpur,Daman,t,t,2256,0.16622340425531915,375,t,0.16622340425531915,,3826,
524 2 05 23,524 2 05 23 5 048,Sindhupalchok,Nawalpur,t,f,1721,0.5334108076699593,918,t,-2,,1594,
524 2 05 25,524 2 05 25 5 011,Lalitpur,Ikudol,t,f,100,,,f,-4,,774,
524 2 04 20,524 2 04 20 5 003,Sindhuli,Mahadevdada,t,f,474,,,f,-4,,1314,
524 1 03 13,524 1 03 13 5 001,Okhaldhunga,Barnalu,t,f,0,1,,f,-4,,1388,
524 2 05 27,524 2 05 27 5 054,Kathmandu,Daxinkali,t,f,253,0.14229249011857709,36,t,-2,,1968,
524 2 05 30,524 2 05 30 5 040,Dhading,Mahadevsthan,t,f,1017,,,f,-4,,2486,
524 1 03 13,524 1 03 13 5 002,Okhaldhunga,Jyamire,t,f,1199,,,f,-4,,424,666
524 1 03 13,524 1 03 13 5 005,Okhaldhunga,Salleri,t,t,0,1,,f,-1,,652,186
524 1 03 13,524 1 03 13 5 006,Okhaldhunga,Diyale,t,f,314,,,f,-4,,94,934
524 1 03 13,524 1 03 13 5 007,Okhaldhunga,Kuibhir,t,f,258,,,f,-4,,448,370
524 1 03 13,524 1 03 13 5 008,Okhaldhunga,Mamkha,t,f,434,,,f,-4,,850,604
524 1 03 13,524 1 03 13 5 009,Okhaldhunga,Pokhare,t,f,203,,,f,-4,,70,592
524 1 03 13,524 1 03 13 5 010,Okhaldhunga,Ratmata,t,f,342,,,f,-4,,496,398
524 1 03 13,524 1 03 13 5 011,Okhaldhunga,Serna,t,f,312,,,f,-4,,348,338
524 1 03 13,524 1 03 13 5 012,Okhaldhunga,Bhadaure,t,f,317,,,f,-4,,320,806
524 1 03 13,524 1 03 13 5 013,Okhaldhunga,Taluwa,t,f,494,,,f,-4,,368,526
524 1 03 13,524 1 03 13 5 014,Okhaldhunga,Thulachhap,t,f,582,,,f,-4,,762,724
524 1 03 13,524 1 03 13 5 015,Okhaldhunga,Baruneshwor,t,f,946,,,f,-4,,1150,468
524 1 03 13,524 1 03 13 5 018,Okhaldhunga,Kuntadevi,t,f,669,,,f,-4,,284,882
524 1 03 13,524 1 03 13 5 019,Okhaldhunga,Ragadeep,t,t,409,,,f,-1,,672,238
524 1 03 13,524 1 03 13 5 021,Okhaldhunga,Prapcha,t,f,324,,,f,-4,,198,344
524 1 03 13,524 1 03 13 5 029,Okhaldhunga,Baksa,t,f,600,,,f,-4,,606,486
524 1 03 13,524 1 03 13 5 030,Okhaldhunga,Moli,t,f,440,,,f,-4,,280,538
524 1 03 13,524 1 03 13 5 031,Okhaldhunga,Ubu,t,f,731,,,f,-4,,580,870
524 1 03 13,524 1 03 13 5 032,Okhaldhunga,Betini,t,f,1060,,,f,-4,,568,350
524 1 03 13,524 1 03 13 5 033,Okhaldhunga,Madhavpur,t,t,407,,,f,-1,,606,394
524 1 03 13,524 1 03 13 5 034,Okhaldhunga,Manebhanjyang,t,t,385,,,f,-1,,954,292
524 2 04 20,524 2 04 20 5 053,Sindhuli,Sitalpati,t,f,947,,,f,-4,,170,1454
524 2 04 21,524 2 04 21 5 001,Ramechhap,Ramechhap,t,f,2601,,,f,-4,,1036,1270
524 2 04 21,524 2 04 21 5 002,Ramechhap,Kathjor,t,f,0,1,,f,-4,,472,1396
524 2 04 21,524 2 04 21 5 003,Ramechhap,Salu,t,f,0,1,,f,-4,,1200,328
524 2 04 21,524 2 04 21 5 005,Ramechhap,Okhreni,t,f,0,1,,f,-4,,1264,220
524 2 04 21,524 2 04 21 5 006,Ramechhap,Deurali,t,f,1117,,,f,-4,,766,638
524 2 04 21,524 2 04 21 5 007,Ramechhap,Himganga,t,f,845,,,f,-4,,730,968
524 2 04 21,524 2 04 21 5 008,Ramechhap,Rampur,t,f,399,,,f,-4,,668,1048
524 2 04 21,524 2 04 21 5 009,Ramechhap,Sanghutar,t,f,528,,,f,-4,,32,968
524 2 04 21,524 2 04 21 5 010,Ramechhap,Sukajor,t,t,0,1,,f,-1,,682,830
524 2 04 21,524 2 04 21 5 012,Ramechhap,Bijulikot,t,f,1252,,,f,-4,,1724,450
524 2 04 21,524 2 04 21 5 014,Ramechhap,Gothgaun,t,f,658,,,f,-4,,672,460
524 2 04 21,524 2 04 21 5 024,Ramechhap,Betali,t,t,1209,,,f,-1,,1478,426
524 2 04 21,524 2 04 21 5 025,Ramechhap,Khimti,t,t,1047,,,f,-1,,1036,900
524 2 05 23,524 2 05 23 5 040,Sindhupalchok,Kadambas,t,f,817,,,f,-4,,706,962
524 2 05 23,524 2 05 23 5 041,Sindhupalchok,Thulo Sirubari,t,f,3360,,,f,-4,,878,1784
524 2 05 23,524 2 05 23 5 042,Sindhupalchok,Sangachok,t,f,5085,,,f,-4,,1176,3080
524 2 05 23,524 2 05 23 5 055,Sindhupalchok,Dubachour,t,t,3298,,,f,-1,,2056,694
524 2 05 23,524 2 05 23 5 062,Sindhupalchok,Sindhukot,t,t,0,1,,f,-1,,1016,346
524 2 05 23,524 2 05 23 5 063,Sindhupalchok,Bhotechaur,t,t,2803,,,f,-1,,1210,938
524 2 05 23,524 2 05 23 5 066,Sindhupalchok,Bansbari,t,f,0,1,,f,-4,,530,1674
524 2 05 24,524 2 05 24 3 001,Kavrepalanchok,Dhulikhel Municipality,t,f,1992,,,f,-4,,6136,422
524 2 05 24,524 2 05 24 3 003,Kavrepalanchok,Banepa Municipality,t,t,1558,,,f,-1,,4182,6898
524 2 05 24,524 2 05 24 5 001,Kavrepalanchok,Sarasyunkhark,t,f,1115,,,f,-4,,1212,978
524 2 05 24,524 2 05 24 5 002,Kavrepalanchok,Foksingtar,t,t,434,,,f,-1,,344,408
524 2 05 24,524 2 05 24 5 003,Kavrepalanchok,Birtadeurali,t,f,502,,,f,-4,,68,992
524 2 05 24,524 2 05 24 5 004,Kavrepalanchok,Dhuseni Siwalaya,t,t,419,,,f,-1,,448,284
524 2 05 24,524 2 05 24 5 005,Kavrepalanchok,Gothpani,t,t,604,,,f,-1,,910,126
524 2 05 24,524 2 05 24 5 006,Kavrepalanchok,Katike Deurali,t,f,600,,,f,-4,,204,1146
524 2 05 24,524 2 05 24 5 008,Kavrepalanchok,Majhi Feda,t,f,475,,,f,-4,,770,484
524 2 05 24,524 2 05 24 5 009,Kavrepalanchok,Nagre Gagarche,t,t,519,,,f,-1,,686,272
524 2 05 24,524 2 05 24 5 011,Kavrepalanchok,Bolde Fediche,t,t,434,,,f,-1,,188,752
524 2 05 24,524 2 05 24 5 014,Kavrepalanchok,Katunje Besi,t,t,494,,,f,-1,,144,850
524 2 05 24,524 2 05 24 5 015,Kavrepalanchok,Machchhegaun,t,f,775,,,f,-4,,1994,532
524 2 05 24,524 2 05 24 5 066,Kavrepalanchok,Ravi Opi,t,f,1102,,,f,-4,,1022,824
524 2 05 24,524 2 05 24 5 067,Kavrepalanchok,Anekot,t,f,0,1,,f,-4,,460,2526
524 2 05 24,524 2 05 24 5 068,Kavrepalanchok,Chandeni Mandan,t,f,910,,,f,-4,,202,1362
524 2 05 24,524 2 05 24 5 069,Kavrepalanchok,Devitar,t,f,625,,,f,-4,,602,542
524 2 05 24,524 2 05 24 5 070,Kavrepalanchok,Jaisithok Mandan,t,f,1050,,,f,-4,,82,1252
524 2 05 24,524 2 05 24 5 083,Kavrepalanchok,Salle Bhumlu,t,t,553,,,f,-1,,804,174
524 2 05 25,524 2 05 25 5 005,Lalitpur,Malta,t,t,96,,,f,-1,,652,88
524 2 05 25,524 2 05 25 5 007,Lalitpur,Pyutar,t,f,99,,,f,-4,,352,412
524 2 05 25,524 2 05 25 5 014,Lalitpur,Ashrang,t,f,71,,,f,-4,,124,430
524 2 05 25,524 2 05 25 5 015,Lalitpur,Chandanpur,t,t,57,,,f,-1,,396,48
524 2 05 25,524 2 05 25 5 016,Lalitpur,Gimdi,t,f,118,,,f,-4,,444,478
524 2 05 25,524 2 05 25 5 019,Lalitpur,Thuladurlung,t,t,75,,,f,-1,,254,328
524 2 05 25,524 2 05 25 5 020,Lalitpur,Dukuchhap,t,f,141,,,f,-4,,474,636
524 2 05 25,524 2 05 25 5 021,Lalitpur,Chhampi,t,f,270,,,f,-4,,1060,1082
524 2 05 25,524 2 05 25 5 023,Lalitpur,Badikhel,t,f,199,,,f,-4,,980,602
524 2 05 27,524 2 05 27 5 045,Kathmandu,Balambu,t,f,446,,,f,-4,,154,3314
524 2 05 27,524 2 05 27 5 046,Kathmandu,Mahadevathan,t,f,950,,,f,-4,,2338,5124
524 2 05 27,524 2 05 27 5 049,Kathmandu,Machhegaun,t,t,225,,,f,-1,,606,1138
524 2 05 27,524 2 05 27 5 050,Kathmandu,Chalnakhel,t,t,260,,,f,-1,,1758,252
524 2 05 27,524 2 05 27 5 053,Kathmandu,Setidevi,t,f,270,,,f,-4,,866,1212
524 2 05 27,524 2 05 27 5 055,Kathmandu,Chhaimale,t,t,256,,,f,-1,,1776,160
524 2 05 28,524 2 05 28 5 001,Nuwakot,Chauthe,t,t,697,,,f,-1,,648,746
524 2 05 28,524 2 05 28 5 003,Nuwakot,Kakani,t,t,1390,,,f,-1,,2586,194
524 2 05 28,524 2 05 28 5 005,Nuwakot,Okharpauwa,t,t,1510,,,f,-1,,2580,440
524 2 05 28,524 2 05 28 5 007,Nuwakot,Thanapati,t,t,626,,,f,-1,,320,932
524 2 05 28,524 2 05 28 5 008,Nuwakot,Belkot,t,t,1549,,,f,-1,,1726,1372
524 2 05 28,524 2 05 28 5 010,Nuwakot,Chaturale,t,t,708,,,f,-1,,442,974
524 2 05 28,524 2 05 28 5 011,Nuwakot,Jiling,t,t,1271,,,f,-1,,900,1642
524 2 05 28,524 2 05 28 5 014,Nuwakot,Thansing,t,t,1388,,,f,-1,,504,2272
524 2 05 28,524 2 05 28 5 018,Nuwakot,Mahakali,t,t,788,,,f,-1,,886,690
524 2 05 28,524 2 05 28 5 021,Nuwakot,Balkumari,t,t,496,,,f,-1,,852,140
524 2 05 28,524 2 05 28 5 024,Nuwakot,Panchakanya,t,t,544,,,f,-1,,464,624
524 2 05 28,524 2 05 28 5 027,Nuwakot,Bhadrutar,t,t,705,,,f,-1,,522,888
524 2 05 28,524 2 05 28 5 031,Nuwakot,Ralukadevi,t,t,916,,,f,-1,,1194,638
524 2 05 28,524 2 05 28 5 036,Nuwakot,Bageswori,t,f,1073,,,f,-4,,1070,1076
524 2 05 28,524 2 05 28 5 038,Nuwakot,Gerkhu,t,f,1421,,,f,-4,,782,2060
524 2 05 28,524 2 05 28 5 043,Nuwakot,Narjamandap,t,t,1012,,,f,-1,,416,1608
524 2 05 28,524 2 05 28 5 050,Nuwakot,Barsunchet,t,t,118,,,f,-1,,194,42
524 2 05 28,524 2 05 28 5 051,Nuwakot,Bungtang,t,t,599,,,f,-1,,1044,154
524 2 05 28,524 2 05 28 5 052,Nuwakot,Deurali,t,t,1005,,,f,-1,,1762,248
524 2 05 28,524 2 05 28 5 053,Nuwakot,Kalyanpur,t,f,1243,,,f,-4,,1124,1362
524 2 05 30,524 2 05 30 5 045,Dhading,Pida,t,t,2479,,,f,-1,,1282,3146
524 2 05 30,524 2 05 30 5 046,Dhading,Tasarpu,t,f,1271,,,f,-4,,1122,1074
524 2 05 30,524 2 05 30 5 049,Dhading,Naubise,t,t,3482,,,f,-1,,4820,1548
524 2 05 30,524 2 05 30 5 050,Dhading,Thakre,t,f,2258,,,f,-4,,1678,2604
524 2 06 31,524 2 06 31 5 001,Makwanpur,Thingan,t,f,466,,,f,-4,,358,1068
524 2 06 31,524 2 06 31 5 003,Makwanpur,Sukaura,t,f,483,,,f,-4,,786,522
524 2 06 31,524 2 06 31 5 004,Makwanpur,Ambhanjyang,t,f,1178,,,f,-4,,1224,1582
524 2 06 31,524 2 06 31 5 015,Makwanpur,Budhichaur,t,f,258,,,f,-4,,568,172
524 2 06 31,524 2 06 31 5 016,Makwanpur,Basamadi,t,f,0,1,,f,-4,,722,6392
524 2 06 31,524 2 06 31 5 018,Makwanpur,Sarikhet Palase,t,f,290,,,f,-4,,878,2158
524 2 06 31,524 2 06 31 5 019,Makwanpur,Raksirang,t,f,396,,,f,-4,,288,2016
524 2 06 31,524 2 06 31 5 020,Makwanpur,Kankada,t,f,602,,,f,-4,,1884,724
524 2 06 31,524 2 06 31 5 024,Makwanpur,Bharta Pundyadevi,t,f,278,,,f,-4,,452,934
524 2 06 31,524 2 06 31 5 025,Makwanpur,Kalikatar,t,f,378,,,f,-4,,648,944
524 2 05 27,524 2 05 27 5 023,Kathmandu,Gokarneswor,t,f,453,,,f,-4,,,3536
524 2 05 28,524 2 05 28 5 039,Nuwakot,Halde Kalika,t,f,753,,,f,-4,,,1506
524 2 06 31,524 2 06 31 5 005,Makwanpur,Churiyamai,t,f,357,,,f,-4,,,5960
524 2 06 31,524 2 06 31 5 009,Makwanpur,Hurnamadi,t,f,920,,,f,-4,,,3048
524 2 06 31,524 2 06 31 5 017,Makwanpur,Handikhola,t,f,1053,,,f,-4,,,7352
524 2 06 31,524 2 06 31 5 022,Makwanpur,Padam Pokhari,t,f,1889,,,f,-4,,,7214
524 3 07 36,524 3 07 36 3 001,Gorkha,Gorkha Municipality,t,f,7277,,,f,-4,,,17586
524 3 07 36,524 3 07 36 5 005,Gorkha,Bungkot,t,f,1754,,,f,-4,,,3202
524 3 07 36,524 3 07 36 5 013,Gorkha,Ghairung,t,f,1053,,,f,-4,,,1932
524 3 07 36,524 3 07 36 5 018,Gorkha,Aanppipal,t,f,0,1,,f,-4,,,2246
524 3 07 36,524 3 07 36 5 027,Gorkha,Chyangli,t,f,0,1,,f,-4,,,3064
524 3 07 36,524 3 07 36 5 053,Gorkha,Aarupokhari,t,f,1232,,,f,-4,,,2158
524 3 07 36,524 3 07 36 5 057,Gorkha,Masel,t,f,1019,,,f,-4,,,2030
524 3 07 36,524 3 07 36 5 063,Gorkha,Takukot,t,f,1066,,,f,-4,,,1804
524 2 05 24,524 2 05 24 5 016,Kavrepalanchok,Methinkot,t,f,0,1,1124,t,-2,,,2110
524 2 05 25,524 2 05 25 2 001,Lalitpur,Lalitpur Sub-metropolitan City,t,f,14106,0.07096271090316178,1001,t,-2,,,109162
524 2 05 30,524 2 05 30 5 010,Dhading,Budhathum,t,f,1102,0.93647912885662432,1032,t,-2,,,1732
524 2 05 27,524 2 05 27 5 006,Kathmandu,Indrayani,t,f,185,,,f,-4,,,1434
524 2 05 27,524 2 05 27 5 009,Kathmandu,Mulpani,t,f,711,,,f,-4,,,5294
524 2 05 27,524 2 05 27 5 025,Kathmandu,Tokha Sarswoti,t,f,301,,,f,-4,,,2378
524 2 05 27,524 2 05 27 5 033,Kathmandu,Manmaiju,t,f,2760,,,f,-4,,,21898
524 2 05 27,524 2 05 27 5 034,Kathmandu,Dharmasthali,t,f,365,,,f,-4,,,2842
524 2 05 28,524 2 05 28 3 001,Nuwakot,Bidur Municipality,t,f,6270,,,f,-4,,,12540
524 2 05 26,524 2 05 26 5 008,Bhaktapur,Jhaukhel,t,f,717,,,f,-4,,,3262
524 2 05 27,524 2 05 27 5 011,Kathmandu,Aalapot,t,f,173,,,f,-4,,,1342
524 2 05 27,524 2 05 27 5 027,Kathmandu,Dhapasi,t,f,2070,,,f,-4,,,16404
524 2 05 27,524 2 05 27 5 031,Kathmandu,Futung,t,f,271,,,f,-4,,,2128
524 2 05 27,524 2 05 27 5 056,Kathmandu,Tinthana,t,f,636,,,f,-4,,,5014
524 2 05 27,524 2 05 27 5 057,Kathmandu,Naikap Naya Bhanjyang,t,f,503,,,f,-4,,,3960
524 2 05 28,524 2 05 28 5 037,Nuwakot,Ganeshthan,t,f,807,,,f,-4,,,1614
524 2 05 28,524 2 05 28 5 040,Nuwakot,Khanigaun,t,f,1210,,,f,-4,,,2420
524 2 05 28,524 2 05 28 5 041,Nuwakot,Kharanitar,t,f,375,,,f,-4,,,750
524 2 06 31,524 2 06 31 5 014,Makwanpur,Shikharpur,t,f,492,,,f,-4,,,2108
524 3 07 36,524 3 07 36 5 001,Gorkha,Nareshwor,t,f,0,1,,f,-4,,,2052
524 3 07 36,524 3 07 36 5 008,Gorkha,Fujel,t,f,1283,,,f,-4,,,2306
524 3 07 36,524 3 07 36 5 009,Gorkha,Taple,t,f,1313,,,f,-4,,,2240
524 3 07 36,524 3 07 36 5 033,Gorkha,Deurali,t,f,1085,,,f,-4,,,2844
524 3 07 36,524 3 07 36 5 052,Gorkha,Aaru Chanaute,t,f,1064,,,f,-4,,,2138
524 3 07 36,524 3 07 36 5 058,Gorkha,Pandrung,t,f,648,,,f,-4,,,1328
524 2 05 24,524 2 05 24 5 078,Kavrepalanchok,Dolalghat,t,f,372,2.2419354838709675,834,t,-2,,,934
524 2 05 26,524 2 05 26 3 002,Bhaktapur,Madhyapur Thimi Municipality,t,f,8872,0.0038322813345356178,34,t,-2,,,40604
524 2 05 27,524 2 05 27 1 001,Kathmandu,Kathmandu Metropolitan City,t,f,66932,0.0039741827526444751,266,t,-2,,,508584
524 2 05 28,524 2 05 28 5 020,Nuwakot,Ratmate,t,f,822,1.2627737226277371,1038,t,-2,,,1644
524 2 05 28,524 2 05 28 5 028,Nuwakot,Chaughada,t,f,1164,0.42955326460481097,500,t,-2,,,2328
524 2 05 30,524 2 05 30 5 025,Dhading,Murali Bhanjyang,t,f,0,1,,f,-4,,,3346
524 2 05 30,524 2 05 30 5 029,Dhading,Goganpani,t,f,1511,,,f,-4,,,2266
524 2 05 30,524 2 05 30 5 037,Dhading,Benighat,t,f,1516,,,f,-4,,,4246
524 2 06 31,524 2 06 31 5 012,Makwanpur,Faparbari,t,f,1132,,,f,-4,,,6442
524 3 07 36,524 3 07 36 5 025,Gorkha,Mirkot,t,f,1349,,,f,-4,,,2776
524 3 07 36,524 3 07 36 5 034,Gorkha,Dhunwakot,t,f,924,,,f,-4,,,2220
524 3 07 36,524 3 07 36 5 055,Gorkha,Dhawa,t,f,1038,,,f,-4,,,1762
524 2 05 24,524 2 05 24 5 060,Kavrepalanchok,Gairi Bisouna Deupur,t,f,1285,0.045914396887159536,59,t,-2,,,2406
524 2 05 24,524 2 05 24 5 080,Kavrepalanchok,Koshidekha,t,f,325,1.8830769230769231,612,t,-2,,,922
524 2 05 25,524 2 05 25 5 038,Lalitpur,Bungamati,t,f,323,3.9411764705882355,1273,t,-2,,,2608
524 2 05 30,524 2 05 30 5 012,Dhading,Mulpani,t,f,0,1,811,t,-2,,,1498
524 2 05 30,524 2 05 30 5 048,Dhading,Jeewanpur,t,f,2005,1.3466334164588529,2700,t,-2,,,3840
524 2 05 26,524 2 05 26 5 009,Bhaktapur,Balkot,t,f,1750,,,f,-4,,,7998
524 2 05 27,524 2 05 27 5 012,Kathmandu,Jorpati,t,f,5539,,,f,-4,,,43724
524 2 05 27,524 2 05 27 5 021,Kathmandu,Mahankal,t,f,1126,,,f,-4,,,8842
524 2 05 30,524 2 05 30 5 022,Dhading,Khari,t,f,1326,,,f,-4,,,2102
524 2 06 31,524 2 06 31 3 001,Makwanpur,Hetauda Municipality,t,f,874,,,f,-4,,,39702
524 2 06 31,524 2 06 31 5 002,Makwanpur,Manthali,t,f,514,,,f,-4,,,1018
524 2 06 31,524 2 06 31 5 007,Makwanpur,Makwanpurgadhi,t,f,1177,,,f,-4,,,5152
524 2 06 31,524 2 06 31 5 011,Makwanpur,Raigaun,t,f,104,,,f,-4,,,3786
524 2 06 31,524 2 06 31 5 021,Makwanpur,Manahari,t,f,1217,,,f,-4,,,8430
524 3 07 36,524 3 07 36 5 002,Gorkha,Finam,t,f,0,1,,f,-4,,,1532
524 3 07 36,524 3 07 36 5 020,Gorkha,Harmi,t,f,1134,,,f,-4,,,1814
524 3 07 36,524 3 07 36 5 029,Gorkha,Gaikhur,t,f,0,1,,f,-4,,,2552
524 3 07 36,524 3 07 36 5 030,Gorkha,Khoplang,t,f,1554,,,f,-4,,,2774
524 3 07 36,524 3 07 36 5 031,Gorkha,Palungtar,t,f,5675,,,f,-4,,,4216
524 2 05 30,524 2 05 30 5 006,Dhading,Aginchok,t,f,1094,1.913162705667276,2093,t,-2,,,1746
524 2 05 30,524 2 05 30 5 021,Dhading,Dhola,t,f,1248,0.92788461538461542,1158,t,-2,,,1996
524 2 05 30,524 2 05 30 5 030,Dhading,Chainpur,t,f,1830,,,f,-4,,,3028
524 2 05 30,524 2 05 30 5 036,Dhading,Kewalpur,t,f,1420,,,f,-4,,,2208
524 2 06 31,524 2 06 31 5 006,Makwanpur,Hatiya,t,f,228,,,f,-4,,,5502
524 2 06 31,524 2 06 31 5 013,Makwanpur,Betini,t,f,610,,,f,-4,,,1234
524 3 07 36,524 3 07 36 5 003,Gorkha,Asrang,t,f,928,,,f,-4,,,1662
524 3 07 36,524 3 07 36 5 004,Gorkha,Borlang,t,f,1381,,,f,-4,,,2358
524 2 04 21,524 2 04 21 5 020,Ramechhap,Gumdel,t,t,453,1.1788079470198676,534,t,1.1788079470198676,,994,
524 2 05 28,524 2 05 28 5 055,Nuwakot,Samari,t,t,1207,0.6685998342999171,807,t,0.6685998342999171,,2414,
524 2 04 22,524 2 04 22 5 039,Dolakha,Bigu,t,t,560,2.3607142857142858,1322,t,2.3607142857142858,,812,
524 2 04 22,524 2 04 22 5 042,Dolakha,Khopachagu,t,t,789,0.77313054499366285,610,t,0.77313054499366285,,952,
524 3 07 36,524 3 07 36 5 045,Gorkha,Kashigaun,t,t,384,1.2708333333333333,488,t,1.2708333333333333,,828,
524 1 03 13,524 1 03 13 5 026,Okhaldhunga,Ragani,t,t,918,0.99128540305010893,910,t,0.99128540305010893,,1302,194
524 2 05 23,524 2 05 23 5 023,Sindhupalchok,Sunkhani,t,t,1562,0.10307298335467349,161,t,0.10307298335467349,,1112,140
524 2 05 24,524 2 05 24 5 081,Kavrepalanchok,Kharelthok,t,f,622,1.32475884244373,824,t,-2,,,1252
524 2 05 28,524 2 05 28 5 025,Nuwakot,Rautbesi,t,t,654,0.45871559633027525,300,t,0.45871559633027525,,998,310
524 2 05 30,524 2 05 30 5 001,Dhading,Darkha,t,t,1436,1,1436,t,1,,1244,998
524 2 05 23,524 2 05 23 5 020,Sindhupalchok,Lisankhu,t,t,1791,,,f,-1,,1876,
524 2 05 24,524 2 05 24 5 056,Kavrepalanchok,Nasikasthan Sanga,t,t,1021,,,f,-1,,2610,
524 2 05 29,524 2 05 29 5 012,Rasuwa,Chilime,t,t,453,0.69977924944812364,317,t,0.69977924944812364,,680,
524 2 04 22,524 2 04 22 5 050,Dolakha,Sailungeswor,t,t,1372,0.36443148688046645,500,t,0.36443148688046645,,1982,
524 2 05 29,524 2 05 29 5 018,Rasuwa,Goljung,t,t,317,0.99684542586750791,316,t,0.99684542586750791,,538,
524 2 05 28,524 2 05 28 5 030,Nuwakot,Ghyangphedi,t,t,604,1.259933774834437,761,t,1.259933774834437,,1208,
524 3 07 36,524 3 07 36 5 037,Gorkha,Bihi,t,t,223,1.053811659192825,235,t,1.053811659192825,,416,
524 2 04 22,524 2 04 22 5 028,Dolakha,Bocha,t,t,927,1.1725997842502698,1087,t,1.1725997842502698,,1550,
524 2 04 22,524 2 04 22 5 047,Dolakha,Bhusafeda,t,t,728,0.95329670329670335,694,t,0.95329670329670335,,1038,
524 2 05 23,524 2 05 23 5 068,Sindhupalchok,Thangpalkot,t,t,640,1.1343749999999999,726,t,1.1343749999999999,,1306,
524 2 05 23,524 2 05 23 5 058,Sindhupalchok,Ichok,t,t,2866,0.53768318213538036,1541,t,0.53768318213538036,,2540,
524 2 04 22,524 2 04 22 5 010,Dolakha,Jungu,t,t,1172,0.44197952218430037,518,t,0.44197952218430037,,1876,
524 2 05 23,524 2 05 23 5 057,Sindhupalchok,Gumba,t,t,1503,0.91616766467065869,1377,t,0.91616766467065869,,1348,
524 2 05 29,524 2 05 29 5 016,Rasuwa,Bridhim,t,t,164,1.2195121951219512,200,t,1.2195121951219512,,322,
524 2 06 31,524 2 06 31 5 029,Makwanpur,Palung,t,t,1689,0.22202486678507993,375,t,0.22202486678507993,,2472,
524 3 07 36,524 3 07 36 5 043,Gorkha,Sirdibas,t,t,341,2.0351906158357771,694,t,2.0351906158357771,,1144,
524 2 05 23,524 2 05 23 5 069,Sindhupalchok,Bhotang,t,t,825,1.0048484848484849,829,t,1.0048484848484849,,1248,
524 1 03 13,524 1 03 13 5 027,Okhaldhunga,Rawadolu,t,t,409,0.33496332518337407,137,t,0.33496332518337407,,674,
524 2 04 21,524 2 04 21 5 015,Ramechhap,Gupteshwor,t,t,422,0.97867298578199047,413,t,0.97867298578199047,,722,
524 2 05 29,524 2 05 29 5 003,Rasuwa,Yarsa,t,t,911,2.0065861690450055,1828,t,2.0065861690450055,,1640,
524 2 05 23,524 2 05 23 5 032,Sindhupalchok,Selang,t,t,1182,0.56260575296108295,665,t,0.56260575296108295,,1052,
524 2 05 24,524 2 05 24 5 062,Kavrepalanchok,Kushadevi,t,t,1948,1.1447638603696098,2230,t,1.1447638603696098,,3098,
524 2 06 31,524 2 06 31 5 034,Makwanpur,Markhu,t,t,794,0.95340050377833752,757,t,0.95340050377833752,,1268,
524 2 05 23,524 2 05 23 5 017,Sindhupalchok,Ghorthali,t,t,1077,0.3955431754874652,426,t,0.3955431754874652,,930,
524 2 04 21,524 2 04 21 5 013,Ramechhap,Duragaun,t,t,771,1.0635538261997406,820,t,1.0635538261997406,,1304,
524 2 05 23,524 2 05 23 5 054,Sindhupalchok,Banskharka,t,t,576,,,f,-1,,1176,
524 2 05 25,524 2 05 25 5 013,Lalitpur,Sankhu,t,t,117,,,f,-1,,924,
524 2 05 29,524 2 05 29 5 011,Rasuwa,Gatlang,t,t,531,2.5743879472693032,1367,t,2.5743879472693032,,800,
524 2 04 22,524 2 04 22 5 022,Dolakha,Khare,t,t,583,1.3464837049742711,785,t,1.3464837049742711,,864,
524 3 07 36,524 3 07 36 5 041,Gorkha,Prok,t,t,227,0.97356828193832601,221,t,0.97356828193832601,,374,
524 2 05 29,524 2 05 29 5 002,Rasuwa,Dhunche,t,t,704,0.56818181818181823,400,t,0.56818181818181823,,1428,
524 2 04 22,524 2 04 22 5 041,Dolakha,Kalinchowk,t,t,639,1.9624413145539905,1254,t,1.9624413145539905,,1082,
524 2 05 28,524 2 05 28 5 035,Nuwakot,Urleni,t,t,768,1.2005208333333333,922,t,1.2005208333333333,,1536,
524 2 05 24,524 2 05 24 5 041,Kavrepalanchok,Puranogaun Dapcha,t,t,0,1,642,t,1,,886,
524 2 05 30,524 2 05 30 5 005,Dhading,Sertung,t,t,1175,1.0093617021276595,1186,t,1.0093617021276595,,1634,
524 2 05 23,524 2 05 23 5 007,Sindhupalchok,Listikot,t,t,902,2.4933481152993346,2249,t,2.4933481152993346,,1898,
524 3 07 36,524 3 07 36 5 066,Gorkha,Ghyachok,t,t,426,1.0868544600938967,463,t,1.0868544600938967,,832,
524 1 03 13,524 1 03 13 5 024,Okhaldhunga,Khijifalate,t,t,807,0.2701363073110285,218,t,0.2701363073110285,,1412,
524 3 07 36,524 3 07 36 5 044,Gorkha,Gumda,t,t,626,1.0303514376996805,645,t,1.0303514376996805,,1070,
524 2 05 29,524 2 05 29 5 001,Rasuwa,Haku,t,t,704,1.5653409090909092,1102,t,1.5653409090909092,,886,
524 2 04 22,524 2 04 22 5 040,Dolakha,Chilankha,t,t,1020,1.4539215686274509,1483,t,1.4539215686274509,,1322,
524 2 05 28,524 2 05 28 5 022,Nuwakot,Betini,t,t,873,1.2405498281786942,1083,t,1.2405498281786942,,1746,
524 2 05 23,524 2 05 23 5 025,Sindhupalchok,Thulo Pakhar,t,t,1200,0.81000000000000005,972,t,0.81000000000000005,,1516,
524 2 05 24,524 2 05 24 5 057,Kavrepalanchok,Tukucha Nala,t,t,1255,0.65418326693227091,821,t,0.65418326693227091,,2058,
524 3 07 36,524 3 07 36 5 051,Gorkha,Uhiya,t,t,512,1.04296875,534,t,1.04296875,,854,
524 3 07 36,524 3 07 36 5 046,Gorkha,Kerauja,t,t,844,1.0627962085308056,897,t,1.0627962085308056,,1546,
524 2 04 22,524 2 04 22 5 051,Dolakha,Bulung,t,t,607,1.1515650741350907,699,t,1.1515650741350907,,1020,
524 2 05 23,524 2 05 23 5 070,Sindhupalchok,Baruwa,t,t,1303,0.63161933998465081,823,t,0.63161933998465081,,974,
524 2 06 31,524 2 06 31 5 040,Makwanpur,Fakhel,t,t,1089,0.55280073461891643,602,t,0.55280073461891643,,2022,
524 2 05 23,524 2 05 23 5 022,Sindhupalchok,Atarpur,t,t,1039,0.44658325312800767,464,t,0.44658325312800767,,928,
524 2 05 23,524 2 05 23 5 006,Sindhupalchok,Tatopani,t,t,3198,0.87898686679174487,2811,t,0.87898686679174487,,3466,
524 2 05 25,524 2 05 25 5 008,Lalitpur,Bhardev,t,t,111,,,f,-1,,860,
524 2 04 21,524 2 04 21 5 033,Ramechhap,Dimipokhari,t,t,643,,,f,-1,,1452,
524 2 05 24,524 2 05 24 5 063,Kavrepalanchok,Kalati Bhumidanda,t,t,844,,,f,-1,,1532,
524 2 04 21,524 2 04 21 5 027,Ramechhap,Namadi,t,t,879,,,f,-1,,1654,
524 3 07 36,524 3 07 36 5 038,Gorkha,Chhekampar,t,t,249,1.0803212851405624,269,t,1.0803212851405624,,526,
524 2 05 23,524 2 05 23 5 014,Sindhupalchok,Piskar,t,t,1186,1.0961214165261384,1300,t,1.0961214165261384,,1076,
524 2 05 28,524 2 05 28 5 056,Nuwakot,Bhalche,t,t,754,1.290450928381963,973,t,1.290450928381963,,1508,
524 3 07 36,524 3 07 36 5 040,Gorkha,Lho,t,t,282,1.0709219858156029,302,t,1.0709219858156029,,512,
524 2 04 22,524 2 04 22 5 044,Dolakha,Tamchet Dudhpokhari,t,t,659,0.45523520485584218,300,t,0.45523520485584218,,1192,
524 2 05 28,524 2 05 28 5 060,Nuwakot,Salme,t,t,422,1.3293838862559242,561,t,1.3293838862559242,,844,
524 2 06 31,524 2 06 31 5 036,Makwanpur,Chitlang,t,t,922,0.68004338394793928,627,t,0.68004338394793928,,2344,
524 2 04 22,524 2 04 22 5 046,Dolakha,Magapauwa,t,t,1261,0.73195876288659789,923,t,0.73195876288659789,,1560,
524 3 07 36,524 3 07 36 5 065,Gorkha,Barpak,t,t,1360,1.0713235294117647,1457,t,1.0713235294117647,,2138,
524 2 04 22,524 2 04 22 5 027,Dolakha,Lamabagar,t,t,568,1.0088028169014085,573,t,1.0088028169014085,,1072,
524 2 04 22,524 2 04 22 5 021,Dolakha,Gauri Sankar,t,t,400,1.1725000000000001,469,t,1.1725000000000001,,574,
524 3 07 36,524 3 07 36 5 039,Gorkha,Chumchet,t,t,235,1.0638297872340425,250,t,1.0638297872340425,,532,
524 2 04 22,524 2 04 22 5 045,Dolakha,Katakuti,t,t,1199,1.085070892410342,1301,t,1.085070892410342,,1910,
524 2 05 29,524 2 05 29 5 013,Rasuwa,Timure,t,t,105,1.9047619047619047,200,t,1.9047619047619047,,260,
524 2 05 30,524 2 05 30 5 020,Dhading,Tipling,t,t,653,1,653,t,1,,928,
524 2 05 23,524 2 05 23 5 073,Sindhupalchok,Kiwool,t,t,1747,0.55809959931310815,975,t,0.55809959931310815,,1528,
524 2 04 22,524 2 04 22 5 033,Dolakha,Suspa Kshyamawati,t,t,629,1.7837837837837838,1122,t,1.7837837837837838,,1728,
524 2 04 22,524 2 04 22 5 025,Dolakha,Dandakharka,t,t,1287,0.38850038850038848,500,t,0.38850038850038848,,1892,
524 3 07 36,524 3 07 36 5 042,Gorkha,Samagaun,t,t,198,1.1111111111111112,220,t,1.1111111111111112,,394,
524 2 04 21,524 2 04 21 5 011,Ramechhap,Bhujee,t,t,600,0.995,597,t,0.995,,1076,
524 2 04 22,524 2 04 22 5 003,Dolakha,Jiri,t,t,4500,0.41222222222222221,1855,t,0.41222222222222221,,3798,
524 2 05 29,524 2 05 29 5 017,Rasuwa,Syafru,t,t,735,1.3605442176870748,1000,t,1.3605442176870748,,1242,
524 2 05 30,524 2 05 30 5 017,Dhading,Lapa,t,t,1368,0.99415204678362568,1360,t,0.99415204678362568,,1706,
524 2 04 21,524 2 04 21 5 019,Ramechhap,Chuchure,t,t,0,1,484,t,1,,1170,
524 2 04 21,524 2 04 21 5 051,Ramechhap,Doramba,t,t,308,,,f,-1,,1588,
524 2 05 24,524 2 05 24 5 053,Kavrepalanchok,Chyasing Kharka,t,t,611,,,f,-1,,1222,
524 2 05 23,524 2 05 23 5 031,Sindhupalchok,Gloche,t,t,716,2.5558659217877095,1830,t,2.5558659217877095,,1462,
524 2 04 22,524 2 04 22 5 023,Dolakha,Marbu,t,t,786,0.72137404580152675,567,t,0.72137404580152675,,662,
524 2 04 22,524 2 04 22 5 036,Dolakha,Lapilang,t,t,1551,0.9297227595099935,1442,t,0.9297227595099935,,2412,
524 2 05 30,524 2 05 30 5 016,Dhading,Jharlang,t,t,966,1.0020703933747412,968,t,1.0020703933747412,,1540,
524 2 05 29,524 2 05 29 5 014,Rasuwa,Thuman,t,t,298,0.67114093959731547,200,t,0.67114093959731547,,478,
524 2 05 23,524 2 05 23 5 004,Sindhupalchok,Marming,t,t,682,1.0586510263929618,722,t,1.0586510263929618,,1436,
524 2 05 23,524 2 05 23 5 051,Sindhupalchok,Hagam,t,t,1945,1.1619537275064267,2260,t,1.1619537275064267,,1636,
524 2 05 23,524 2 05 23 5 011,Sindhupalchok,Jethal,t,t,1468,0.068119891008174394,100,t,0.068119891008174394,,1240,
524 3 07 36,524 3 07 36 5 048,Gorkha,Lapu,t,t,522,1.024904214559387,535,t,1.024904214559387,,900,
524 2 04 22,524 2 04 22 5 034,Dolakha,Babare,t,t,937,1.1494130202774813,1077,t,1.1494130202774813,,1588,
524 2 05 24,524 2 05 24 5 044,Kavrepalanchok,Simalchour Syampati,t,t,952,0.61554621848739499,586,t,0.61554621848739499,,1664,
524 2 04 21,524 2 04 21 5 018,Ramechhap,Bamti Bhandar,t,t,857,0.70478413068844803,604,t,0.70478413068844803,,1478,
524 2 05 26,524 2 05 26 5 004,Bhaktapur,Nagarkot,t,t,434,9.8133640552995391,4259,t,9.8133640552995391,,1946,
524 2 05 29,524 2 05 29 5 015,Rasuwa,Langtang,t,t,197,1.015228426395939,200,t,1.015228426395939,,304,
524 1 03 13,524 1 03 13 5 035,Okhaldhunga,Thakle,t,f,569,,,f,-4,,222,882
524 1 03 13,524 1 03 13 5 036,Okhaldhunga,Toksel,t,f,585,,,f,-4,,468,708
524 1 03 13,524 1 03 13 5 037,Okhaldhunga,Sisneri,t,f,1022,,,f,-4,,990,728
524 1 03 13,524 1 03 13 5 038,Okhaldhunga,Katunje,t,t,1812,,,f,-1,,1346,506
524 1 03 13,524 1 03 13 5 039,Okhaldhunga,Mulkharka,t,t,711,,,f,-1,,1198,298
524 1 03 13,524 1 03 13 5 040,Okhaldhunga,Chyanam,t,f,838,,,f,-4,,760,478
524 1 03 13,524 1 03 13 5 041,Okhaldhunga,Balakhu,t,f,810,,,f,-4,,714,956
524 1 03 13,524 1 03 13 5 043,Okhaldhunga,Kalikadevi,t,t,490,,,f,-1,,512,322
524 1 03 13,524 1 03 13 5 044,Okhaldhunga,Palapu,t,f,1097,,,f,-4,,780,1112
524 1 03 13,524 1 03 13 5 046,Okhaldhunga,Fulbari,t,f,1010,,,f,-4,,1060,492
524 1 03 13,524 1 03 13 5 048,Okhaldhunga,Narmedeshwor,t,f,384,,,f,-4,,104,540
524 1 03 13,524 1 03 13 5 050,Okhaldhunga,Singhadevi,t,f,580,,,f,-4,,198,712
524 1 03 13,524 1 03 13 5 052,Okhaldhunga,Yasam,t,f,664,,,f,-4,,470,700
524 1 03 13,524 1 03 13 5 054,Okhaldhunga,Andheri Narayansthan,t,f,0,1,,f,-4,,786,428
524 1 03 13,524 1 03 13 5 056,Okhaldhunga,Ketuke,t,f,1133,,,f,-4,,1186,164
524 2 04 20,524 2 04 20 3 001,Sindhuli,Kamalamai Municipality,t,f,0,1,,f,-4,,296,18312
524 2 04 20,524 2 04 20 5 001,Sindhuli,Khang Sang,t,t,468,,,f,-1,,334,686
524 2 04 20,524 2 04 20 5 002,Sindhuli,Kholagaun,t,f,504,,,f,-4,,782,274
524 2 04 20,524 2 04 20 5 004,Sindhuli,Ratnawati,t,f,561,,,f,-4,,870,116
524 2 04 20,524 2 04 20 5 005,Sindhuli,Solpathana,t,t,454,,,f,-1,,396,394
524 2 04 20,524 2 04 20 5 006,Sindhuli,Sunam Pokhari,t,f,0,1,,f,-4,,356,548
524 2 04 20,524 2 04 20 5 007,Sindhuli,Arunthakur,t,f,259,,,f,-4,,642,1378
524 2 04 20,524 2 04 20 5 009,Sindhuli,Kakur Thakur,t,f,258,,,f,-4,,290,1700
524 2 04 20,524 2 04 20 5 012,Sindhuli,Bahuntilpung,t,t,538,,,f,-1,,624,494
524 2 04 20,524 2 04 20 5 014,Sindhuli,Jinakhu,t,f,0,1,,f,-4,,924,974
524 2 04 20,524 2 04 20 5 015,Sindhuli,Lampantar,t,f,0,1,,f,-4,,150,2152
524 2 04 20,524 2 04 20 5 017,Sindhuli,Ambote,t,f,0,1,,f,-4,,872,670
524 2 04 20,524 2 04 20 5 018,Sindhuli,Tosramkhola,t,t,347,,,f,-1,,468,192
524 2 04 20,524 2 04 20 5 020,Sindhuli,Ranichuri,t,f,0,1,,f,-4,,1178,2192
524 2 04 20,524 2 04 20 5 022,Sindhuli,Bitijor Bagaiya,t,t,408,,,f,-1,,256,442
524 2 04 20,524 2 04 20 5 023,Sindhuli,Baseshwor,t,f,701,,,f,-4,,346,894
524 2 04 20,524 2 04 20 5 024,Sindhuli,Bhuwaneshori Gwaltar,t,f,788,,,f,-4,,124,618
524 2 04 20,524 2 04 20 5 025,Sindhuli,Dudbhanjyang,t,f,633,,,f,-4,,434,624
524 2 04 20,524 2 04 20 5 026,Sindhuli,Ratanchura,t,f,454,,,f,-4,,578,518
524 2 04 20,524 2 04 20 5 027,Sindhuli,Tinkanya,t,t,610,,,f,-1,,932,678
524 2 04 20,524 2 04 20 5 028,Sindhuli,Balajor,t,f,379,,,f,-4,,552,916
524 2 04 20,524 2 04 20 5 030,Sindhuli,Bhimsthan,t,f,350,,,f,-4,,210,2110
524 2 04 20,524 2 04 20 5 032,Sindhuli,Jarayotar,t,f,322,,,f,-4,,230,2620
524 2 04 20,524 2 04 20 5 034,Sindhuli,Bhadrakali,t,f,765,,,f,-4,,898,798
524 2 04 20,524 2 04 20 5 036,Sindhuli,Bhimeshwor,t,f,846,,,f,-4,,142,776
524 2 04 20,524 2 04 20 5 038,Sindhuli,Mahadevsthan,t,f,1017,,,f,-4,,708,1910
524 2 04 20,524 2 04 20 5 040,Sindhuli,Kapilakot,t,f,860,,,f,-4,,300,3634
524 2 04 20,524 2 04 20 5 044,Sindhuli,Jhangajholi Ratmata,t,f,702,,,f,-4,,362,2026
524 2 04 20,524 2 04 20 5 045,Sindhuli,Amale,t,f,363,,,f,-4,,316,514
524 2 04 20,524 2 04 20 5 046,Sindhuli,Bastipur,t,f,207,,,f,-4,,754,336
524 2 04 20,524 2 04 20 5 047,Sindhuli,Netrakali,t,f,993,,,f,-4,,734,478
524 2 04 20,524 2 04 20 5 048,Sindhuli,Santeswori (Rampur),t,f,487,,,f,-4,,340,552
524 2 04 20,524 2 04 20 5 049,Sindhuli,Tamajor,t,f,485,,,f,-4,,634,256
524 2 04 20,524 2 04 20 5 050,Sindhuli,Kuseswor Dumja,t,f,638,,,f,-4,,1024,996
524 2 04 21,524 2 04 21 5 029,Ramechhap,Tilpung,t,f,1062,,,f,-4,,536,1120
524 2 04 21,524 2 04 21 5 031,Ramechhap,Bhaluwajor,t,f,0,1,,f,-4,,748,682
524 2 04 21,524 2 04 21 5 032,Ramechhap,Bethan,t,t,1220,,,f,-1,,1122,1058
524 2 04 21,524 2 04 21 5 034,Ramechhap,Gunsi Bhadaure,t,f,1255,,,f,-4,,1324,788
524 2 04 21,524 2 04 21 5 035,Ramechhap,Hiledevi,t,t,763,,,f,-1,,1262,152
524 2 04 21,524 2 04 21 5 036,Ramechhap,Khaniyapani,t,t,833,,,f,-1,,1116,472
524 2 04 21,524 2 04 21 5 037,Ramechhap,Lakhanpur,t,f,1437,,,f,-4,,2392,254
524 2 04 21,524 2 04 21 5 038,Ramechhap,Khandadevi,t,t,820,,,f,-1,,1480,196
524 2 04 21,524 2 04 21 5 039,Ramechhap,Makadum,t,f,477,,,f,-4,,360,484
524 2 04 21,524 2 04 21 5 040,Ramechhap,Majuwa,t,t,435,,,f,-1,,590,316
524 2 04 21,524 2 04 21 5 041,Ramechhap,Pakarbas,t,f,1305,,,f,-4,,530,1824
524 2 04 21,524 2 04 21 5 042,Ramechhap,Rakathum,t,f,455,,,f,-4,,372,1060
524 2 04 21,524 2 04 21 5 043,Ramechhap,Bhirpani,t,f,836,,,f,-4,,434,1094
524 2 04 21,524 2 04 21 5 044,Ramechhap,Gagal Bhadaure,t,f,553,,,f,-4,,654,494
524 2 04 21,524 2 04 21 5 048,Ramechhap,Pinkhuri,t,f,0,1,,f,-4,,468,388
524 2 04 21,524 2 04 21 5 049,Ramechhap,Puranagaun,t,f,725,,,f,-4,,400,870
524 2 04 21,524 2 04 21 5 052,Ramechhap,Gelu,t,f,1515,,,f,-4,,912,1622
524 2 04 21,524 2 04 21 5 054,Ramechhap,Phulasi,t,f,1274,,,f,-4,,1966,602
524 2 04 22,524 2 04 22 5 001,Dolakha,Bhirkot,t,t,972,,,f,-1,,894,310
524 2 04 22,524 2 04 22 5 013,Dolakha,Malu,t,t,938,,,f,-1,,450,718
524 2 04 22,524 2 04 22 5 014,Dolakha,Chyama,t,t,885,,,f,-1,,946,268
524 2 04 22,524 2 04 22 5 016,Dolakha,Japhe,t,t,1285,,,f,-1,,862,786
524 2 04 22,524 2 04 22 5 018,Dolakha,Sahare,t,f,879,,,f,-4,,784,816
524 2 04 22,524 2 04 22 5 019,Dolakha,Melung,t,f,1572,,,f,-4,,614,1058
524 2 04 22,524 2 04 22 5 035,Dolakha,Lamidanda,t,t,1462,,,f,-1,,1354,736
524 2 04 22,524 2 04 22 5 038,Dolakha,Sunkhani,t,t,484,,,f,-1,,2140,248
524 2 05 23,524 2 05 23 5 009,Sindhupalchok,Maneswnara,t,t,775,,,f,-1,,1154,424
524 2 05 23,524 2 05 23 5 015,Sindhupalchok,Dhuskun,t,f,1032,,,f,-4,,1274,244
524 2 05 23,524 2 05 23 5 018,Sindhupalchok,Thokarpa,t,t,2255,,,f,-1,,1556,516
524 2 05 23,524 2 05 23 5 024,Sindhupalchok,Yamunadanda,t,f,552,,,f,-4,,310,476
524 2 05 23,524 2 05 23 5 026,Sindhupalchok,Thum Pakhar,t,f,947,,,f,-4,,1228,766
524 2 05 23,524 2 05 23 5 030,Sindhupalchok,Fulpingdanda,t,f,1350,,,f,-4,,332,1776
524 2 05 23,524 2 05 23 5 033,Sindhupalchok,Batase,t,f,2614,,,f,-4,,1532,772
524 2 05 23,524 2 05 23 5 035,Sindhupalchok,Chautara,t,f,1529,,,f,-4,,2226,1010
524 2 05 23,524 2 05 23 5 036,Sindhupalchok,Pipaldanda,t,f,1810,,,f,-4,,744,830
524 2 05 23,524 2 05 23 5 038,Sindhupalchok,Irkhu,t,f,736,,,f,-4,,1228,274
524 2 05 23,524 2 05 23 5 039,Sindhupalchok,Sanusiruwari,t,f,0,1,,f,-4,,296,1262
524 2 05 24,524 2 05 24 5 019,Kavrepalanchok,Saramthali,t,f,993,,,f,-4,,316,162
524 2 05 24,524 2 05 24 5 020,Kavrepalanchok,Thulo Parsel,t,f,615,,,f,-4,,402,754
524 2 05 24,524 2 05 24 5 022,Kavrepalanchok,Kharpachok,t,t,61,,,f,-1,,150,520
524 2 05 24,524 2 05 24 5 023,Kavrepalanchok,Mangaltar,t,t,802,,,f,-1,,1100,472
524 2 05 24,524 2 05 24 5 025,Kavrepalanchok,Bhimkhori,t,t,1063,,,f,-1,,1606,526
524 2 05 24,524 2 05 24 5 026,Kavrepalanchok,Banakhu Chor,t,f,412,,,f,-4,,734,684
524 2 05 24,524 2 05 24 5 027,Kavrepalanchok,Budhakhani,t,t,486,,,f,-1,,1142,182
524 2 05 24,524 2 05 24 5 028,Kavrepalanchok,Ghartichhap,t,f,411,,,f,-4,,46,776
524 2 05 24,524 2 05 24 5 029,Kavrepalanchok,Gokule,t,f,751,,,f,-4,,612,892
524 2 05 24,524 2 05 24 5 033,Kavrepalanchok,Sikhar Ambote,t,t,722,,,f,-1,,1068,632
524 2 05 24,524 2 05 24 5 034,Kavrepalanchok,Sisakhani,t,t,376,,,f,-1,,554,134
524 2 05 24,524 2 05 24 5 035,Kavrepalanchok,Dapcha Chatrebhanjh,t,t,0,1,,f,-1,,1012,252
524 2 05 24,524 2 05 24 5 036,Kavrepalanchok,Khanalthok,t,t,0,1,,f,-1,,978,1186
524 2 05 24,524 2 05 24 5 038,Kavrepalanchok,Kavre Nitya Chandeswor,t,f,1110,,,f,-4,,1354,730
524 2 05 24,524 2 05 24 5 039,Kavrepalanchok,Mathurapati Fulbari,t,f,0,1,,f,-4,,1348,598
524 2 05 24,524 2 05 24 5 042,Kavrepalanchok,Pokhari Chauri,t,f,815,,,f,-4,,698,598
524 2 05 24,524 2 05 24 5 045,Kavrepalanchok,Milche,t,f,400,,,f,-4,,260,634
524 2 05 24,524 2 05 24 5 046,Kavrepalanchok,Dandagaun,t,f,429,,,f,-4,,586,382
524 2 05 24,524 2 05 24 5 048,Kavrepalanchok,Falemetar,t,t,432,,,f,-1,,1156,180
524 2 05 24,524 2 05 24 5 049,Kavrepalanchok,Saldhara,t,f,446,,,f,-4,,288,634
524 2 05 24,524 2 05 24 5 050,Kavrepalanchok,Salmechakala (Taldhunga),t,f,250,,,f,-4,,28,596
524 2 05 25,524 2 05 25 5 024,Lalitpur,Jharuwarasi,t,f,233,,,f,-4,,448,1424
524 2 05 25,524 2 05 25 5 026,Lalitpur,Godamchaur,t,f,272,,,f,-4,,520,1668
524 2 05 25,524 2 05 25 5 028,Lalitpur,Lamatar,t,f,438,,,f,-4,,2104,1414
524 2 05 25,524 2 05 25 5 041,Lalitpur,Devichour,t,t,149,,,f,-1,,1094,60
524 2 05 26,524 2 05 26 5 001,Bhaktapur,Tathali,t,f,559,,,f,-4,,396,2132
524 2 05 26,524 2 05 26 5 002,Bhaktapur,Sudal,t,f,696,,,f,-4,,1642,1482
524 2 05 26,524 2 05 26 5 003,Bhaktapur,Bageswori,t,f,503,,,f,-4,,1002,1272
524 2 05 26,524 2 05 26 5 005,Bhaktapur,Chhaling,t,f,805,,,f,-4,,1974,1660
524 2 05 26,524 2 05 26 5 011,Bhaktapur,Dadhikot,t,f,1178,,,f,-4,,540,4836
524 2 05 26,524 2 05 26 5 012,Bhaktapur,Kautunje,t,f,2058,,,f,-4,,4502,4882
524 2 05 26,524 2 05 26 5 014,Bhaktapur,Nankhel,t,f,541,,,f,-4,,1608,842
524 2 05 26,524 2 05 26 5 015,Bhaktapur,Sipadol,t,f,1003,,,f,-4,,3520,1036
524 2 05 26,524 2 05 26 5 016,Bhaktapur,Chitapol,t,f,564,,,f,-4,,1620,928
524 2 05 27,524 2 05 27 5 001,Kathmandu,Naglebhare,t,f,250,,,f,-4,,1132,738
524 2 05 27,524 2 05 27 5 002,Kathmandu,Lapsiphedi,t,t,321,,,f,-1,,2130,288
524 2 05 27,524 2 05 27 5 013,Kathmandu,Gagalphedi,t,t,303,,,f,-1,,1480,852
524 2 05 27,524 2 05 27 5 014,Kathmandu,Sundarijal,t,t,142,,,f,-1,,982,112
524 2 05 27,524 2 05 27 5 015,Kathmandu,Nayapati,t,f,445,,,f,-4,,816,2634
524 2 05 27,524 2 05 27 5 016,Kathmandu,Chunikhel,t,t,220,,,f,-1,,706,1012
524 2 05 27,524 2 05 27 5 017,Kathmandu,Kapan,t,t,3123,,,f,-1,,766,23882
524 2 05 27,524 2 05 27 5 018,Kathmandu,Chapali Bhadrakali,t,t,658,,,f,-1,,4332,816
524 2 05 27,524 2 05 27 5 019,Kathmandu,Budanilkantha,t,t,953,,,f,-1,,2246,5204
524 2 05 27,524 2 05 27 5 022,Kathmandu,Baluwa,t,f,311,,,f,-4,,2022,386
524 2 05 27,524 2 05 27 5 024,Kathmandu,Jhor Mahankal,t,t,228,,,f,-1,,1426,320
524 2 05 27,524 2 05 27 5 026,Kathmandu,Tokha Chandeswori,t,t,217,,,f,-1,,542,1140
524 2 05 27,524 2 05 27 5 029,Kathmandu,Kabhresthali,t,f,261,,,f,-4,,1120,894
524 2 05 27,524 2 05 27 5 030,Kathmandu,Sangla,t,t,211,,,f,-1,,938,678
524 2 05 27,524 2 05 27 5 035,Kathmandu,Goldhunga,t,f,968,,,f,-4,,1570,6042
524 2 05 27,524 2 05 27 5 037,Kathmandu,Bhimdhunga,t,t,160,,,f,-1,,1094,144
524 2 05 27,524 2 05 27 5 038,Kathmandu,Ramkot,t,t,497,,,f,-1,,2090,1784
524 2 05 27,524 2 05 27 5 039,Kathmandu,Sitapaila,t,t,1146,,,f,-1,,1126,7922
524 2 05 27,524 2 05 27 5 041,Kathmandu,Seuchatar,t,f,854,,,f,-4,,588,6168
524 2 05 27,524 2 05 27 5 042,Kathmandu,Baad Bhanjyang,t,t,212,,,f,-1,,1290,344
524 2 05 27,524 2 05 27 5 043,Kathmandu,Naikap Purano Bhanjyang,t,f,272,,,f,-4,,408,1700
524 2 05 27,524 2 05 27 5 044,Kathmandu,Thankot,t,f,723,,,f,-4,,2404,3236
524 2 05 28,524 2 05 28 5 054,Nuwakot,Kimtang,t,t,459,,,f,-1,,806,112
524 2 05 28,524 2 05 28 5 057,Nuwakot,Manakamana,t,f,789,,,f,-4,,124,1454
524 2 05 30,524 2 05 30 5 002,Dhading,Katunje,t,f,1812,,,f,-4,,1456,1394
524 2 05 30,524 2 05 30 5 007,Dhading,Dhuwakot,t,t,1340,,,f,-1,,1002,1124
524 2 05 30,524 2 05 30 5 026,Dhading,Nilkantha,t,f,8459,,,f,-4,,1266,9244
524 2 05 30,524 2 05 30 5 027,Dhading,Sangkosh,t,f,0,1,,f,-4,,108,2380
524 2 05 30,524 2 05 30 5 028,Dhading,Salang,t,f,1429,,,f,-4,,924,1356
524 2 05 30,524 2 05 30 5 034,Dhading,Nalang,t,f,2312,,,f,-4,,244,3508
524 2 05 30,524 2 05 30 5 035,Dhading,Sunaula Bazar,t,f,0,1,,f,-4,,2022,1038
524 2 05 30,524 2 05 30 5 038,Dhading,Dhussa,t,f,1418,,,f,-4,,1340,1382
524 2 05 30,524 2 05 30 5 041,Dhading,Baireni,t,t,3070,,,f,-1,,564,5026
524 2 05 30,524 2 05 30 5 042,Dhading,Bhumesthan,t,f,2359,,,f,-4,,1456,2834
524 2 05 30,524 2 05 30 5 043,Dhading,Gajuri,t,t,2150,,,f,-1,,608,3838
524 2 05 30,524 2 05 30 5 044,Dhading,Kiranchok,t,t,1504,,,f,-1,,1390,936
524 2 06 31,524 2 06 31 5 027,Makwanpur,Bhaise,t,f,724,,,f,-4,,1730,1046
524 2 06 31,524 2 06 31 5 038,Makwanpur,Bhimfedi,t,t,561,,,f,-1,,1858,464
524 2 06 31,524 2 06 31 5 039,Makwanpur,Nibuwatar,t,f,606,,,f,-4,,1122,646
524 2 06 31,524 2 06 31 5 043,Makwanpur,Ipa Panchakanya,t,f,501,,,f,-4,,840,78
524 3 07 36,524 3 07 36 5 006,Gorkha,Darbung,t,f,884,,,f,-4,,680,846
524 3 07 36,524 3 07 36 5 010,Gorkha,Bakrang,t,f,866,,,f,-4,,734,852
524 3 07 36,524 3 07 36 5 011,Gorkha,Tanglichok,t,f,838,,,f,-4,,514,1090
524 3 07 36,524 3 07 36 5 012,Gorkha,Ghyalchok,t,f,1396,,,f,-4,,382,2214
524 3 07 36,524 3 07 36 5 014,Gorkha,Makaising,t,f,608,,,f,-4,,126,978
524 3 07 36,524 3 07 36 5 015,Gorkha,Manakamana,t,f,1310,,,f,-4,,416,2368
524 3 07 36,524 3 07 36 5 016,Gorkha,Taklung,t,f,1235,,,f,-4,,320,1922
524 3 07 36,524 3 07 36 5 017,Gorkha,Bhumlichok,t,f,739,,,f,-4,,470,900
524 3 07 36,524 3 07 36 5 022,Gorkha,Kerabari,t,t,601,,,f,-1,,452,692
524 3 07 36,524 3 07 36 5 024,Gorkha,Thalajung,t,t,772,,,f,-1,,452,910
524 3 07 36,524 3 07 36 5 026,Gorkha,Chhoprak,t,t,1707,,,f,-1,,874,2188
524 3 07 36,524 3 07 36 5 028,Gorkha,Gankhu,t,t,807,,,f,-1,,78,1310
524 3 07 36,524 3 07 36 5 032,Gorkha,Shreenathkot,t,t,868,,,f,-1,,398,1144
524 3 07 36,524 3 07 36 5 056,Gorkha,Panchkhuwa Deurali,t,f,589,,,f,-4,,188,872
524 3 07 36,524 3 07 36 5 060,Gorkha,Aaru Arbang,t,f,1292,,,f,-4,,1094,902
524 3 07 36,524 3 07 36 5 064,Gorkha,Takumajh Lakuribot,t,f,637,,,f,-4,,68,1040
524 1 03 13,524 1 03 13 5 020,Okhaldhunga,Harkapur,t,t,733,0.49795361527967258,365,t,0.49795361527967258,,738,490
524 1 03 13,524 1 03 13 5 022,Okhaldhunga,Shreechaur,t,t,717,0.65411436541143653,469,t,0.65411436541143653,,1096,66
524 1 03 13,524 1 03 13 5 047,Okhaldhunga,Gamnangtar,t,f,704,0.890625,627,t,-2,,776,422
524 1 03 13,524 1 03 13 5 051,Okhaldhunga,Tarkerabari,t,t,576,0.87152777777777779,502,t,0.87152777777777779,,284,538
524 1 03 13,524 1 03 13 5 053,Okhaldhunga,Pokali,t,t,785,0.50191082802547771,394,t,0.50191082802547771,,1046,240
524 1 03 13,524 1 03 13 5 055,Okhaldhunga,Khigikati,t,t,509,0.61689587426326131,314,t,0.61689587426326131,,622,82
524 2 04 20,524 2 04 20 5 035,Sindhuli,Jalkanya,t,f,1019,0.81844946025515208,834,t,-2,,516,274
524 2 04 20,524 2 04 20 5 051,Sindhuli,Majhuwa,t,f,856,0.97313084112149528,833,t,-2,,746,306
524 2 04 20,524 2 04 20 5 052,Sindhuli,Purano Jhangajholi,t,f,1788,0.46588366890380312,833,t,-2,,592,1438
524 2 04 21,524 2 04 21 5 017,Ramechhap,Saipu,t,f,688,1.0348837209302326,712,t,-2,,606,626
524 2 04 22,524 2 04 22 5 020,Dolakha,Pawati,t,t,1752,0.86301369863013699,1512,t,0.86301369863013699,,1776,442
524 2 04 22,524 2 04 22 5 026,Dolakha,Ghyang Sukathokar,t,t,1766,0.28312570781426954,500,t,0.28312570781426954,,1728,336
524 2 04 22,524 2 04 22 5 031,Dolakha,Chhetrapa,t,t,637,0.47095761381475665,300,t,0.47095761381475665,,1106,54
524 2 04 22,524 2 04 22 5 048,Dolakha,Fasku,t,t,1849,0.77122769064359109,1426,t,0.77122769064359109,,1554,680
524 2 04 22,524 2 04 22 5 049,Dolakha,Orang,t,t,509,1.1296660117878192,575,t,1.1296660117878192,,880,96
524 2 05 23,524 2 05 23 5 001,Sindhupalchok,Karthali,t,t,1627,0.50153657037492316,816,t,0.50153657037492316,,1530,142
524 2 05 23,524 2 05 23 5 002,Sindhupalchok,Barhabise,t,t,3363,0.074338388343740708,250,t,0.074338388343740708,,1484,1882
524 2 05 23,524 2 05 23 5 012,Sindhupalchok,Tekanpur,t,f,595,0.70924369747899163,422,t,-2,,302,542
524 2 05 23,524 2 05 23 5 013,Sindhupalchok,Tauthali,t,f,1802,,,t,-3,,1284,268
524 2 05 23,524 2 05 23 5 019,Sindhupalchok,Kalika,t,f,1183,0.42265426880811496,500,t,-2,,122,968
524 2 05 23,524 2 05 23 5 027,Sindhupalchok,Pagretar,t,f,1672,0.63277511961722488,1058,t,-2,,232,1292
524 2 05 23,524 2 05 23 5 028,Sindhupalchok,Ramche,t,f,1978,0.17745197168857432,351,t,-2,,1460,538
524 2 05 23,524 2 05 23 5 029,Sindhupalchok,Mankha,t,f,3067,0.60645582001956311,1860,t,-2,,1236,2484
524 2 05 23,524 2 05 23 5 044,Sindhupalchok,Badegau,t,f,2494,0.59582999198075381,1486,t,-2,,984,1336
524 2 05 23,524 2 05 23 5 046,Sindhupalchok,Kunchok,t,f,2243,0.48149799375835933,1080,t,-2,,564,1290
524 2 05 23,524 2 05 23 5 047,Sindhupalchok,Sipal Kavre,t,t,1433,0.28262386601535239,405,t,0.28262386601535239,,1072,144
524 2 05 23,524 2 05 23 5 049,Sindhupalchok,Fulpingkot,t,f,0,1,2057,t,-2,,1470,338
524 2 05 23,524 2 05 23 5 050,Sindhupalchok,Jalbire,t,t,1327,,,t,-3,,502,720
524 2 05 23,524 2 05 23 5 053,Sindhupalchok,Baramchi,t,t,691,,,t,-3,,1292,118
524 2 05 23,524 2 05 23 5 059,Sindhupalchok,Mahankal,t,t,2379,0.53551912568306015,1274,t,0.53551912568306015,,1552,496
524 2 05 23,524 2 05 23 5 060,Sindhupalchok,Talamarang,t,t,0,1,906,t,1,,766,666
524 2 05 23,524 2 05 23 5 061,Sindhupalchok,Melamchi,t,f,0,1,1160,t,-2,,524,1834
524 2 05 23,524 2 05 23 5 064,Sindhupalchok,Thampal Chhap,t,t,1942,0.10504634397528322,204,t,0.10504634397528322,,1066,578
524 2 05 23,524 2 05 23 5 072,Sindhupalchok,Pangtang,t,t,1215,1.0502057613168725,1276,t,1.0502057613168725,,906,68
524 2 05 23,524 2 05 23 5 075,Sindhupalchok,Jyamire,t,t,0,1,595,t,1,,1800,598
524 2 05 23,524 2 05 23 5 077,Sindhupalchok,Bhote Namlang,t,t,776,1.0244845360824741,795,t,1.0244845360824741,,1278,306
524 2 05 24,524 2 05 24 3 002,Kavrepalanchok,Panauti Municipality,t,t,3023,0.034733708236850812,105,t,0.034733708236850812,,11490,396
524 2 05 24,524 2 05 24 5 012,Kavrepalanchok,Kuruwas Chapakhori,t,t,687,0.31295487627365359,215,t,0.31295487627365359,,914,254
524 2 05 24,524 2 05 24 5 013,Kavrepalanchok,Kanpur Kalapani,t,t,1041,0.21902017291066284,228,t,0.21902017291066284,,1680,164
524 2 05 24,524 2 05 24 5 037,Kavrepalanchok,Daraune Pokhari,t,t,0,1,581,t,1,,800,490
524 2 05 24,524 2 05 24 5 040,Kavrepalanchok,Patalekhet,t,f,991,1.060544904137235,1051,t,-2,,770,842
524 2 05 24,524 2 05 24 5 052,Kavrepalanchok,Chyamrangbesi,t,t,0,1,366,t,1,,462,146
524 2 05 24,524 2 05 24 5 055,Kavrepalanchok,Ugrachandi Nala,t,t,1548,1.0155038759689923,1572,t,1.0155038759689923,,2436,452
524 2 05 24,524 2 05 24 5 061,Kavrepalanchok,Nayagaun Deupur,t,f,1276,0.080721003134796243,103,t,-2,,630,1272
524 2 05 24,524 2 05 24 5 071,Kavrepalanchok,Jyamdi Mandan,t,f,1200,1.0616666666666668,1274,t,-2,,258,1922
524 2 05 24,524 2 05 24 5 074,Kavrepalanchok,Kolati Bhumlu,t,f,365,3.6273972602739728,1324,t,-2,,132,500
524 2 05 24,524 2 05 24 5 075,Kavrepalanchok,Bhumlutar,t,f,588,1.0663265306122449,627,t,-2,,380,678
524 2 05 24,524 2 05 24 5 082,Kavrepalanchok,Falate Bhumlu,t,f,315,1.2730158730158729,401,t,-2,,268,338
524 2 05 24,524 2 05 24 5 084,Kavrepalanchok,Saping,t,f,365,1.3698630136986301,500,t,-2,,774,798
524 2 05 24,524 2 05 24 5 087,Kavrepalanchok,Simthali,t,t,400,2.4024999999999999,961,t,2.4024999999999999,,480,220
524 2 05 25,524 2 05 25 5 022,Lalitpur,Chapagaun,t,f,926,0.0010799136069114472,1,t,-2,,2944,4476
524 2 05 25,524 2 05 25 5 025,Lalitpur,Godawari,t,f,452,3.2433628318584069,1466,t,-2,,2322,1328
524 2 05 25,524 2 05 25 5 029,Lalitpur,Lubhu,t,f,586,2.9641638225255971,1737,t,-2,,1548,3182
524 2 05 26,524 2 05 26 5 006,Bhaktapur,Changunarayan,t,f,609,4.8423645320197046,2949,t,-2,,2162,586
524 2 05 26,524 2 05 26 5 013,Bhaktapur,Gundu,t,f,553,1.135623869801085,628,t,-2,,1432,1082
524 2 05 27,524 2 05 27 3 002,Kathmandu,Kirtipur Municipality,t,f,4829,0.036239387036653553,175,t,-2,,2408,36474
524 2 05 27,524 2 05 27 5 003,Kathmandu,Bajrayogini (Sankhu),t,t,244,2.9098360655737703,710,t,2.9098360655737703,,1328,528
524 2 05 27,524 2 05 27 5 004,Kathmandu,Suntol,t,t,266,2.6691729323308269,710,t,2.6691729323308269,,1286,756
524 2 05 27,524 2 05 27 5 036,Kathmandu,Ichang Narayan,t,t,1592,2.3329145728643215,3714,t,2.3329145728643215,,7920,4656
524 2 05 28,524 2 05 28 5 012,Nuwakot,Madanpur,t,t,1738,0.46432681242807827,807,t,0.46432681242807827,,1238,2238
524 2 05 28,524 2 05 28 5 016,Nuwakot,Samundradevi,t,t,700,0.52428571428571424,367,t,0.52428571428571424,,644,756
524 2 05 28,524 2 05 28 5 017,Nuwakot,Likhu,t,t,557,1.3518850987432676,753,t,1.3518850987432676,,900,214
524 2 05 28,524 2 05 28 5 019,Nuwakot,Sikre,t,t,370,1.345945945945946,498,t,1.345945945945946,,380,360
524 2 05 28,524 2 05 28 5 026,Nuwakot,Thaprek,t,t,760,0.42236842105263156,321,t,0.42236842105263156,,1026,494
524 2 05 28,524 2 05 28 5 032,Nuwakot,Samundratar,t,t,450,1.1955555555555555,538,t,1.1955555555555555,,410,490
524 2 05 28,524 2 05 28 5 042,Nuwakot,Lachyang,t,t,876,1.2899543378995433,1130,t,1.2899543378995433,,1430,322
524 2 05 28,524 2 05 28 5 044,Nuwakot,Budhasing,t,f,677,0.40915805022156571,277,t,-2,,200,1154
524 2 05 28,524 2 05 28 5 045,Nuwakot,Charghare,t,f,1190,1.2184873949579831,1450,t,-2,,546,1834
524 2 05 28,524 2 05 28 5 047,Nuwakot,Gorsyang,t,f,772,0.64507772020725385,498,t,-2,,572,972
524 2 05 28,524 2 05 28 5 048,Nuwakot,Khadag Bhanjyang,t,f,1412,0.43767705382436262,618,t,-2,,174,2650
524 2 05 28,524 2 05 28 5 061,Nuwakot,Tupche,t,f,1269,0.2364066193853428,300,t,-2,,322,2236
524 2 05 29,524 2 05 29 5 005,Rasuwa,Bhorle,t,t,1417,2.0606916019760058,2920,t,2.0606916019760058,,1304,1064
524 2 05 29,524 2 05 29 5 006,Rasuwa,Dhaibung,t,t,1277,1.1135473766640565,1422,t,1.1135473766640565,,1672,546
524 2 05 29,524 2 05 29 5 007,Rasuwa,Laharepouwa,t,t,1302,1.1720430107526882,1526,t,1.1720430107526882,,906,1200
524 2 05 29,524 2 05 29 5 009,Rasuwa,Dandagoun,t,t,603,2.5754560530679935,1553,t,2.5754560530679935,,874,84
524 2 05 29,524 2 05 29 5 010,Rasuwa,Thulogoun,t,t,393,1.0203562340966921,401,t,1.0203562340966921,,100,534
524 2 05 30,524 2 05 30 5 003,Dhading,Marpak,t,f,1050,0.9838095238095238,1033,t,-2,,702,996
524 2 05 30,524 2 05 30 5 004,Dhading,Satyadevi,t,t,926,1.0442764578833694,967,t,1.0442764578833694,,820,700
524 2 05 30,524 2 05 30 5 009,Dhading,Baseri,t,t,1072,1.017723880597015,1091,t,1.017723880597015,,892,826
524 2 05 30,524 2 05 30 5 011,Dhading,Gumdi,t,f,1431,1,1431,t,-2,,1228,990
524 2 05 30,524 2 05 30 5 014,Dhading,Salyankot,t,f,1403,0.95652173913043481,1342,t,-2,,176,2070
524 2 05 30,524 2 05 30 5 018,Dhading,Ree Gaun,t,t,1701,1.0346854791299236,1760,t,1.0346854791299236,,2106,114
524 2 05 30,524 2 05 30 5 023,Dhading,Jyamrung,t,f,2057,0.48614487117160915,1000,t,-2,,852,2454
524 2 05 30,524 2 05 30 5 031,Dhading,Kalleri,t,f,2367,0.13519222644697929,320,t,-2,,820,3022
524 2 05 30,524 2 05 30 5 032,Dhading,Khalte,t,f,1921,0.21082769390942219,405,t,-2,,1684,1448
524 2 05 30,524 2 05 30 5 039,Dhading,Jogimara,t,f,1701,0.35273368606701938,600,t,-2,,990,1894
524 2 05 30,524 2 05 30 5 047,Dhading,Chhatredeurali,t,f,2303,0.13460703430308293,310,t,-2,,1288,2022
524 2 06 31,524 2 06 31 5 023,Makwanpur,Khairang,t,f,338,0.53550295857988162,181,t,-2,,948,218
524 2 06 31,524 2 06 31 5 026,Makwanpur,Namtar,t,t,510,0.67254901960784319,343,t,0.67254901960784319,,2456,962
524 2 06 31,524 2 06 31 5 028,Makwanpur,Dandakharka,t,f,782,0.45396419437340152,355,t,-2,,1310,130
524 2 06 31,524 2 06 31 5 031,Makwanpur,Gogane,t,t,1179,0.64461407972858353,760,t,0.64461407972858353,,1532,434
524 2 06 31,524 2 06 31 5 032,Makwanpur,Agara,t,t,2970,0.76868686868686864,2283,t,0.76868686868686864,,2814,330
524 2 06 31,524 2 06 31 5 037,Makwanpur,Kulekhani,t,t,827,0.83796856106408701,693,t,0.83796856106408701,,1066,274
524 3 07 36,524 3 07 36 5 019,Gorkha,Hansapur,t,t,1018,1.0461689587426326,1065,t,1.0461689587426326,,1664,184
524 3 07 36,524 3 07 36 5 023,Gorkha,Kharibot,t,t,577,1.0190641247833623,588,t,1.0190641247833623,,928,148
524 3 07 36,524 3 07 36 5 035,Gorkha,Simjung,t,t,915,0.99781420765027318,913,t,0.99781420765027318,,466,1216
524 3 07 36,524 3 07 36 5 036,Gorkha,Muchhok,t,t,1005,1.0228855721393035,1028,t,1.0228855721393035,,488,1310
524 3 07 36,524 3 07 36 5 049,Gorkha,Manbu,t,t,1765,1.0260623229461756,1811,t,1.0260623229461756,,2516,260
524 3 07 36,524 3 07 36 5 050,Gorkha,Thumi,t,t,1230,0.9626016260162602,1184,t,0.9626016260162602,,1246,914
524 3 07 36,524 3 07 36 5 061,Gorkha,Saurpani,t,t,1535,1,1535,t,1,,2190,460
524 3 07 36,524 3 07 36 5 062,Gorkha,Swara,t,t,891,1.0448933782267116,931,t,1.0448933782267116,,1312,258
